,carpark_number,lot_type,lots_available,total_lots,update_datetime
0,HE12,C,0,91,2019-12-08T01:32:52
0,HLM,C,508,583,2019-12-08T01:33:07
0,RHM,C,147,322,2019-12-08T01:32:53
0,BM29,C,84,97,2019-12-08T01:32:47
0,Q81,C,72,96,2019-12-08T01:32:45
0,C20,C,131,173,2019-12-08T01:33:03
0,FR3M,C,169,228,2019-12-08T01:33:07
0,C32,C,102,289,2019-12-08T01:33:00
0,C6,C,146,332,2019-12-08T01:32:48
0,TG2,C,81,273,2019-12-08T01:33:02
0,BP1,C,241,543,2019-12-08T01:32:51
0,TG1,C,46,133,2019-12-08T01:33:07
0,TGM2,C,131,189,2019-12-08T01:33:02
0,TE14,C,41,138,2019-12-08T01:32:55
0,BM3,C,0,48,2019-12-08T01:32:59
0,BM9,C,121,612,2018-12-17T07:42:34
0,HG44,C,19,180,2019-12-08T01:28:29
0,HG64,C,42,80,2019-12-08T01:28:44
0,PM27,C,93,308,2019-12-08T01:28:27
0,PM28,C,90,302,2019-12-08T01:28:37
0,TM36,C,29,221,2019-12-08T01:28:45
0,TM37,C,44,238,2019-12-08T01:28:47
0,T50,C,60,362,2019-12-08T01:28:32
0,T51,C,0,351,2019-12-08T01:28:49
0,TM43,C,201,249,2019-12-08T01:28:35
0,T15,C,13,30,2019-12-08T01:28:39
0,T16,C,24,107,2019-12-08T01:28:29
0,T17,C,23,245,2019-12-08T01:28:41
0,T18,C,37,84,2019-12-08T01:28:51
0,B9,C,85,197,2019-12-08T01:28:35
0,B10,C,128,511,2019-12-08T01:28:30
0,B14,C,61,208,2018-10-29T09:18:49
0,WCB,C,78,134,2019-12-08T01:31:21
0,ACB,C,62,96,2019-12-08T01:31:57
0,CY,C,27,37,2019-12-08T01:31:57
0,AM46,C,16,408,2019-12-08T01:33:18
0,A12,C,120,205,2019-12-08T01:32:12
0,BE45,C,65,363,2019-12-08T01:32:15
0,BE39,C,255,707,2019-12-08T01:32:03
0,BE40,C,201,339,2019-06-18T10:58:35
0,RCB,C,181,320,2017-03-31T12:00:21
0,CR29,C,23,56,2019-12-08T01:32:01
0,KLM,C,288,352,2019-12-08T01:31:02
0,SE34,C,42,270,2019-12-08T01:32:24
0,KB7,C,54,65,2019-12-08T01:30:37
0,SE31,C,50,195,2019-12-08T01:32:16
0,J56,C,0,15,2019-12-08T01:31:42
0,J57,C,323,363,2019-12-08T01:31:46
0,J57L,C,8,13,2019-12-08T01:31:46
0,J33,C,48,111,2019-12-08T01:31:43
0,J34,C,38,105,2019-12-08T01:32:15
0,BL8,C,313,500,2019-12-08T01:32:25
0,J36,C,210,494,2019-12-08T01:31:40
0,J54,C,140,226,2019-12-08T01:31:54
0,J55,C,98,141,2019-12-08T01:29:12
0,J43,C,61,190,2019-12-08T01:28:40
0,J46,C,27,63,2019-12-08T01:31:29
0,KB1,C,116,239,2019-12-08T01:32:17
0,GBM,C,471,677,2019-12-08T01:32:17
0,SE14,C,48,187,2019-12-08T01:32:17
0,SE50,C,381,591,2019-12-08T01:32:17
0,J40,C,91,209,2019-12-08T01:30:20
0,JM1,C,49,341,2019-12-08T01:32:11
0,J32,C,106,188,2019-12-08T01:32:11
0,A11,C,172,368,2019-12-08T01:32:06
0,TR1,C,147,383,2019-12-08T01:32:29
0,JBM,C,298,342,2019-12-08T01:32:54
0,TE2,C,192,213,2019-12-08T01:33:01
0,CR31,C,14,90,2019-12-08T01:30:46
0,J1,C,174,368,2019-12-08T01:32:06
0,J2,C,94,200,2019-12-08T01:29:12
0,J3,C,124,308,2019-12-08T01:31:39
0,T37,C,20,1174,2019-12-08T01:28:46
0,KB3,C,68,142,2019-12-08T01:30:10
0,KBM,C,176,237,2019-12-08T01:32:36
0,J4,C,64,172,2019-12-08T01:31:18
0,TGM1,C,239,388,2019-12-08T01:33:02
0,TG3,C,84,208,2019-12-08T01:32:59
0,TG6,C,79,176,2019-12-08T01:33:00
0,TG7,C,167,362,2019-12-08T01:33:01
0,CR30,C,5,43,2019-12-08T01:31:51
0,RCM,C,46,148,2019-12-08T01:31:51
0,EPM,C,141,286,2019-12-08T01:32:51
0,TGM3,C,239,553,2019-12-08T01:33:07
0,KB14,C,39,57,2019-12-08T01:30:12
0,J41,C,147,350,2019-12-08T01:31:39
0,JBM2,C,40,144,2019-12-08T01:33:00
0,J39,C,82,250,2019-12-08T01:30:51
0,J52,C,70,450,2019-12-08T01:31:57
0,J51,C,144,450,2019-12-08T01:30:16
0,J53,C,86,215,2019-12-08T01:31:37
0,T19,C,88,866,2019-12-08T01:28:37
0,J49,C,0,205,2019-12-08T01:31:59
0,J27,C,128,317,2019-12-08T01:32:15
0,TB14,C,5,43,2019-12-08T01:32:42
0,U19,C,233,501,2019-12-08T01:32:13
0,U6,C,60,95,2019-12-08T01:31:15
0,U45,C,95,159,2019-12-08T01:32:13
0,BBM7,C,99,111,2019-12-08T01:31:25
0,BE12,C,184,459,2019-12-08T01:32:18
0,HG41,C,118,475,2019-12-08T01:28:43
0,HG43,C,135,513,2019-12-08T01:28:39
0,MN1,C,123,307,2019-12-08T01:31:42
0,MNRM,C,240,357,2019-12-08T01:31:02
0,MN2,C,126,299,2019-12-08T01:31:57
0,C7,C,259,448,2019-12-08T01:32:52
0,C17,C,28,34,2019-12-08T01:33:04
1,C17,Y,4,35,2019-12-08T01:33:04
2,C17,H,1,1,2019-12-08T01:33:04
0,C20M,C,437,551,2019-12-08T01:32:38
0,T41,C,192,217,2019-12-08T01:28:29
0,T42,C,36,82,2019-12-08T01:28:46
0,TM42,C,247,259,2019-12-08T01:28:50
0,J48,C,406,795,2019-12-08T01:31:10
0,BH1,C,51,57,2019-12-08T01:30:39
0,BH2,C,41,50,2019-12-08T01:30:43
0,BKE7,C,144,172,2019-12-08T01:31:48
0,BR5,C,99,150,2019-12-08T01:31:57
0,BRM3,C,258,402,2019-12-08T01:32:17
0,BRM4,C,73,172,2019-12-08T01:32:12
0,M16,C,44,106,2019-12-08T01:31:16
0,M20,C,6,30,2019-12-08T01:30:46
0,M35,C,33,89,2019-12-08T01:31:53
0,M36,C,8,16,2019-12-08T01:29:06
0,M37,C,11,34,2019-12-08T01:32:49
0,M38,C,14,33,2019-12-08T01:31:08
0,MM3,C,164,214,2019-12-08T01:31:03
0,MP12,C,101,220,2019-12-08T01:31:58
0,MP13,C,226,396,2019-12-08T01:31:58
0,MP1M,C,326,522,2019-12-08T01:31:03
0,PP1,C,40,257,2019-12-08T01:32:27
0,PP2,C,94,145,2019-12-08T01:32:13
0,PP3,C,195,374,2019-12-08T01:31:11
0,PP4,C,11,166,2019-12-08T01:32:04
0,PP5,C,112,346,2019-12-08T01:31:08
0,TP10,C,62,110,2019-12-08T01:32:10
0,TP14,C,16,51,2019-12-08T01:30:40
0,TP16,C,646,668,2019-12-08T01:31:52
0,TP17,C,85,119,2019-12-08T01:32:09
0,TP18,C,336,383,2019-12-08T01:32:35
0,TP2,C,7,77,2019-12-08T01:32:15
0,TPMG,C,27,81,2019-12-08T01:32:05
0,TP36,C,57,247,2019-12-08T01:30:50
0,TPM4,C,49,341,2019-12-08T01:32:15
0,TPM5,C,54,340,2019-12-08T01:32:05
0,TPM6,C,89,358,2019-12-08T01:30:50
0,TP27,C,122,212,2019-12-08T01:32:05
0,TPMN,C,332,645,2019-12-08T01:32:43
0,TPMP,C,318,809,2019-12-08T01:31:07
0,WDB1,C,25,70,2019-12-08T01:32:17
0,Y23,C,313,823,2019-12-08T01:32:26
0,Y24,C,67,181,2019-12-08T01:32:27
0,Y56,C,12,47,2019-12-08T01:32:05
0,BBM1,C,266,406,2019-12-08T01:31:38
0,BBM8,C,121,300,2019-12-08T01:31:52
0,BJ10,C,89,310,2019-12-08T01:30:41
0,BJ11,C,34,100,2019-12-08T01:31:28
0,BJ12,C,286,616,2019-12-08T01:32:16
0,BJ17,C,136,172,2019-12-08T01:31:43
0,BJ18,C,100,324,2019-12-08T01:31:43
0,BJ28,C,396,669,2019-12-08T01:31:32
0,BJ3,C,493,1054,2019-12-08T01:31:36
0,BJ33,C,293,366,2019-12-08T01:30:41
0,BJ42,C,144,450,2019-12-08T01:31:49
0,BJ45,C,167,232,2019-12-08T01:30:42
0,CK21,C,126,192,2019-12-08T01:31:40
0,U48,C,42,93,2019-12-08T01:31:42
0,U5,C,13,39,2019-12-08T01:29:30
0,JM14,C,130,490,2019-12-08T01:33:07
0,JM12,C,3,468,2019-12-08T01:33:16
0,W39,C,41,226,2019-12-08T01:32:25
0,PL67,C,135,735,2019-12-08T01:31:56
0,W2,C,19,1000,2017-12-04T10:54:50
0,W1,C,53,1000,2017-12-04T10:54:50
0,U9,C,75,400,2019-12-08T01:31:11
0,U26,C,225,651,2019-12-08T01:32:18
0,U25,C,233,625,2019-12-08T01:30:55
0,U24T,C,22,50,2019-12-08T01:31:45
0,U24,C,117,397,2019-12-08T01:31:45
0,U23,C,295,750,2019-12-08T01:30:16
0,U22,C,54,300,2019-12-08T01:30:43
0,U21,C,21,200,2019-12-08T01:31:28
0,U2,C,457,1109,2019-12-08T01:32:02
0,J45,C,159,361,2019-12-08T01:31:21
0,TM25,C,0,127,2019-12-08T01:28:49
0,TM26,C,19,126,2019-12-08T01:28:26
0,TM27,C,151,237,2019-12-08T01:28:36
0,J37,C,30,215,2019-12-08T01:31:47
0,BM1,C,33,60,2019-12-08T01:32:41
0,BM2,C,37,53,2019-12-08T01:32:42
0,BM26,C,316,460,2019-12-08T01:33:03
0,BWM,C,129,220,2019-12-08T01:33:04
0,TBMT,C,12,156,2019-12-08T01:28:51
0,TPM,C,320,384,2019-12-08T01:32:43
0,U29,C,162,338,2019-12-08T01:33:18
0,U27,C,18,20,2019-12-08T01:32:55
0,U18,C,213,500,2019-12-08T01:33:24
0,U30,C,354,500,2019-12-08T01:33:01
0,EPML,C,0,25,2015-12-30T10:38:36
0,TE25,C,143,298,2019-12-08T01:32:49
0,TE3,C,0,19,2019-12-08T01:33:01
0,TE4,C,1,30,2019-12-08T01:32:54
0,U28,C,10,15,2019-12-08T01:33:06
0,A15,C,28,59,2019-12-08T01:32:06
0,BM28,C,6,47,2019-12-08T01:26:56
1,BM28,H,0,1,2019-12-08T01:26:56
2,BM28,Y,4,24,2019-12-08T01:26:56
0,BM30,C,45,46,2019-12-08T01:33:10
1,BM30,H,0,1,2019-12-08T01:33:10
2,BM30,Y,3,5,2019-12-08T01:33:10
0,BTM,C,87,292,2019-12-08T01:33:03
1,BTM,H,0,1,2019-12-08T01:33:03
2,BTM,Y,35,124,2019-12-08T01:33:03
0,BTM2,C,161,496,2019-12-08T01:26:55
1,BTM2,H,0,1,2019-12-08T01:26:55
2,BTM2,Y,40,67,2019-12-08T01:26:55
0,SAM2,C,113,336,2019-12-08T01:33:03
1,SAM2,H,0,1,2019-12-08T01:33:03
2,SAM2,Y,27,122,2019-12-08T01:33:03
0,TBM2,C,55,243,2019-12-08T01:26:49
1,TBM2,H,0,1,2019-12-08T01:26:49
2,TBM2,Y,56,72,2019-12-08T01:26:49
0,TJ34,C,93,350,2019-12-08T01:32:59
0,U31,C,146,348,2019-12-08T01:33:01
0,BL13,C,103,413,2019-12-08T01:33:15
0,HG10,C,298,300,2019-12-08T01:28:42
0,W3,C,217,1000,2018-12-20T03:59:43
0,BJ65,C,93,227,2019-12-08T01:27:45
0,CK19,C,35,68,2019-12-08T01:27:52
0,CK4,C,5,6,2019-12-08T01:27:38
0,CK42,C,370,922,2019-12-08T01:27:39
0,CK7,C,55,306,2019-12-08T01:27:51
0,TW1,C,44,108,2019-12-08T01:27:50
0,TW2,C,112,355,2019-12-08T01:27:47
0,TW3,C,65,338,2019-12-08T01:27:54
0,BL18M,C,286,353,2016-02-04T18:15:45
0,B16,C,239,348,2019-12-08T01:32:17
0,B17,C,238,392,2019-12-08T01:30:31
0,B20,C,36,380,2019-12-08T01:30:17
0,B42,C,69,121,2019-12-08T01:30:19
0,B45,C,34,68,2019-12-08T01:32:31
0,B6,C,98,100,2019-12-08T01:31:25
0,B63,C,56,100,2019-12-08T01:31:47
0,B65,C,264,743,2019-12-08T01:32:30
0,B7,C,49,86,2019-12-08T01:32:17
0,B70,C,28,39,2019-12-08T01:32:51
0,B71,C,134,236,2019-12-08T01:32:10
0,B7A,C,34,129,2019-12-08T01:31:26
0,B8,C,50,105,2019-12-08T01:32:51
0,B80,C,226,247,2019-12-08T01:32:08
0,B84,C,538,551,2019-12-08T01:31:26
0,B88M,C,120,120,2015-03-03T05:02:19
0,B90,C,75,75,2015-03-03T05:02:19
0,B90M,C,75,75,2015-03-03T05:02:19
0,CC5,C,98,100,2019-12-08T01:31:49
0,CC6,C,35,57,2019-12-08T01:32:10
0,B30,C,95,341,2019-12-08T01:31:53
0,B31,C,214,414,2019-12-08T01:31:53
0,TJ28,C,11,20,2019-12-01T01:38:45
0,TJ31,C,458,458,2019-12-01T08:28:01
0,TJ37,C,384,384,2019-12-01T08:28:01
0,TJSF,C,829,842,2018-08-28T17:22:10
0,AM16,C,80,115,2019-12-08T01:33:31
0,AM32,C,13,91,2019-12-08T01:33:24
0,BJ2,C,147,464,2019-12-08T01:27:44
0,CK48,C,359,590,2019-12-08T01:27:53
0,BE8,C,0,100,2019-12-08T01:32:04
0,SE11,C,151,193,2019-12-08T01:32:13
0,SE20,C,506,531,2019-12-08T01:32:10
0,SE21,C,13,29,2019-12-08T01:32:10
0,SE22,C,3,20,2019-12-08T01:32:10
0,SE23,C,157,191,2019-12-08T01:32:26
0,SE24,C,164,200,2019-12-08T01:32:27
0,SE53,C,308,330,2019-12-08T01:32:00
0,SM9A,C,0,19,2016-04-25T17:56:45
0,SM9B,C,2,28,2016-04-25T17:56:46
0,FR4M,C,5,88,2019-12-08T01:32:05
0,BJ31,C,32,90,2019-12-08T01:27:50
0,BJ32,C,424,960,2019-12-08T01:27:40
0,BJ34,C,59,142,2019-12-08T01:27:31
0,BJ35,C,51,144,2019-12-08T01:27:32
0,BJ36,C,61,144,2019-12-08T01:27:44
0,BJ37,C,698,1034,2019-12-08T01:27:35
0,TP31,C,0,53,2019-12-08T01:33:17
0,BJ38,C,111,218,2019-12-08T01:27:50
0,BJ39,C,355,1129,2019-12-08T01:27:55
0,BJ40,C,358,589,2019-12-08T01:27:50
0,CK38,C,311,702,2019-12-08T01:27:29
0,A38,C,553,942,2019-12-08T01:33:14
0,A43,C,0,158,2019-12-08T01:33:25
0,CK8,C,215,694,2019-12-08T01:27:29
0,CK8A,C,195,376,2019-12-08T01:27:29
0,CK39,C,562,1005,2019-12-08T01:27:46
0,CK41,C,0,874,2019-12-08T01:27:45
0,CK46,C,115,311,2019-12-08T01:27:49
0,CK47,C,0,695,2019-12-08T01:27:38
0,SE32,C,57,400,2019-12-08T01:33:25
0,SE33,C,33,306,2019-12-08T01:33:18
0,SE39,C,96,206,2019-12-08T01:33:38
0,BJ43,C,691,1004,2019-12-08T01:27:35
0,CK22,C,419,756,2019-12-08T01:27:48
0,CK36,C,524,812,2019-12-08T01:27:46
0,CK37,C,100,450,2019-12-08T01:27:48
0,A25,C,295,514,2019-12-08T01:33:12
0,A81,C,14,151,2019-12-08T01:33:31
0,A82,C,0,215,2019-12-08T01:33:29
0,A9,C,50,158,2019-12-08T01:33:40
0,A98,C,8,108,2019-12-08T01:33:41
0,BJ55,C,238,873,2019-12-08T01:27:30
0,BJ56,C,197,557,2019-12-08T01:27:47
0,CK44,C,330,588,2019-12-08T01:27:46
0,CK45,C,0,598,2019-12-08T01:27:28
0,SE35,C,0,156,2019-12-08T01:33:17
0,SE38,C,9,450,2019-12-08T01:33:22
0,SE40,C,352,832,2019-12-08T01:33:16
0,BJ30,C,559,1208,2019-12-08T01:27:43
0,CK16,C,82,310,2019-12-08T01:27:45
0,CK49,C,33,764,2019-12-08T01:27:48
0,CK50,C,107,374,2019-12-08T01:27:53
0,CKT1,C,51,116,2019-12-08T01:27:45
0,CK51,C,223,945,2019-12-08T01:27:56
0,CK12,C,39,203,2019-12-08T01:27:52
0,CK13,C,166,323,2019-12-08T01:27:56
0,CK17,C,37,183,2019-12-08T01:27:28
0,CK30,C,43,144,2019-12-08T01:27:28
0,CK31,C,328,592,2019-12-08T01:27:34
0,BJ41,C,419,786,2019-12-08T01:27:49
0,CK20,C,41,195,2019-12-08T01:27:44
0,CK23,C,45,232,2019-12-08T01:27:46
0,CK34,C,0,648,2019-12-08T01:27:47
0,CKM1,C,473,681,2019-12-08T01:27:31
0,BJ1,C,184,472,2019-12-08T01:27:54
0,BJ48,C,1264,1995,2019-12-08T01:27:28
0,CK33,C,280,472,2019-12-08T01:27:38
0,A37,C,170,195,2019-12-08T01:33:41
0,A39,C,158,262,2019-12-08T01:33:16
0,A68,C,45,142,2019-12-08T01:33:29
0,A70,C,107,134,2019-12-08T01:33:25
0,A71,C,104,185,2019-12-08T01:33:33
0,CK40,C,226,670,2019-12-08T01:27:51
0,A40,C,11,417,2019-12-08T01:33:33
0,A66,C,3,151,2019-12-08T01:33:15
0,A69,C,334,475,2019-12-08T01:33:34
0,A30,C,0,12,2019-12-08T01:33:17
0,AM80,C,0,205,2019-12-08T01:33:24
0,AM81,C,48,230,2019-12-08T01:33:31
0,CC7,C,131,372,2019-12-08T01:32:56
0,B88,C,220,388,2019-12-08T01:32:17
0,B71M,C,252,253,2016-03-09T15:26:24
0,B66,C,190,556,2019-12-08T01:32:18
0,B53,C,25,191,2019-12-08T01:32:54
0,B52,C,82,299,2019-12-08T01:32:54
0,B51,C,72,285,2019-12-08T01:32:54
0,B45B,C,15,64,2015-08-19T13:50:02
0,B45A,C,14,75,2015-08-19T13:50:01
0,B35,C,57,197,2019-12-08T01:32:53
0,B34,C,204,287,2019-12-08T01:32:53
0,B33,C,53,129,2019-12-08T01:32:53
0,B32,C,56,114,2019-12-08T01:32:54
0,KB17,C,26,50,2019-12-08T01:31:19
0,KB10,C,101,164,2019-12-08T01:31:55
0,KB11,C,91,212,2019-12-08T01:31:55
0,SD9,C,16,54,2019-12-08T01:31:53
0,W54,C,178,269,2019-12-08T01:31:12
0,BE23,C,553,563,2019-12-08T01:32:04
0,Y52M,C,131,365,2019-12-08T01:32:13
0,Y9,C,121,259,2019-12-08T01:32:15
0,Y20,C,12,60,2019-12-08T01:32:39
0,Y10,C,320,1194,2019-12-08T01:32:44
0,PM30,C,88,351,2019-12-08T01:32:02
0,PM3,C,168,405,2019-12-08T01:32:19
0,TWM3,C,0,998,2019-12-08T01:27:41
0,CK61,C,646,1272,2019-12-08T01:27:39
0,CK60,C,320,1318,2019-12-08T01:27:32
0,SK91,C,211,384,2019-12-08T01:31:38
0,SK75,C,0,167,2019-12-08T01:33:41
0,SK74,C,69,225,2019-12-08T01:33:46
0,SK88,C,115,369,2019-12-08T01:33:35
0,SK71,C,56,233,2019-12-08T01:33:54
0,SK43,C,167,318,2019-12-08T01:31:35
0,SK70,C,42,162,2019-12-08T01:33:44
0,SK92,C,145,298,2019-12-08T01:31:55
0,SK80,C,39,354,2019-12-08T01:33:39
0,SK72,C,53,200,2019-12-08T01:33:31
0,SK73,C,82,208,2019-12-08T01:33:37
0,SK83,C,0,95,2019-12-08T01:31:40
0,SK86,C,51,374,2019-12-08T01:33:37
0,SK78,C,0,264,2019-12-08T01:33:48
0,SK68,C,74,233,2019-12-08T01:33:32
0,SK3,C,368,706,2019-12-08T01:31:59
0,SK58,C,611,1164,2019-12-08T01:33:40
0,SK62,C,473,646,2019-11-01T10:05:39
0,SK87,C,34,115,2019-12-08T01:32:02
0,CK3A,C,174,517,2019-12-08T01:27:55
0,CK3,C,150,335,2019-12-08T01:27:27
0,CK55,C,100,367,2019-12-08T01:27:54
0,CK29,C,0,20,2019-12-08T01:27:29
0,CK28,C,154,240,2019-12-08T01:27:54
0,AM22,C,351,463,2019-12-08T01:33:13
0,AM20,C,432,606,2019-12-08T01:33:13
0,AM18,C,194,454,2019-12-08T01:33:37
0,A20,C,69,250,2019-12-08T01:33:12
0,A65,C,22,89,2019-12-08T01:33:23
0,A60,C,308,497,2019-12-08T01:33:13
0,A50,C,39,195,2019-12-08T01:33:17
0,HG22,C,19,131,2019-12-08T01:32:13
0,CK25,C,70,178,2019-12-08T01:27:35
0,CK24,C,19,38,2019-12-08T01:27:30
0,STAM,C,83,242,2019-12-08T01:32:03
1,STAM,Y,0,0,2019-12-08T01:32:03
2,STAM,H,0,0,2019-12-08T01:32:03
0,AM79,C,174,479,2019-12-08T01:33:33
0,A34,C,49,216,2019-12-08T01:33:30
0,AM96,C,974,1292,2019-12-08T01:33:19
0,A85,C,19,89,2019-12-08T01:33:33
0,A72,C,80,358,2019-12-08T01:33:32
0,A67,C,97,605,2019-12-08T01:33:37
0,JMSU,C,0,1052,2018-11-30T11:23:35
0,JMSC,C,443,644,2018-11-30T11:26:13
0,BMVM,C,165,361,2019-12-08T01:35:05
1,BMVM,Y,8,54,2019-12-08T01:35:05
2,BMVM,H,0,1,2019-12-08T01:35:05
0,HE3,C,92,148,2019-12-08T01:33:10
1,HE3,Y,1,53,2019-12-08T01:33:10
2,HE3,H,0,1,2019-12-08T01:33:10
0,TB2,C,10,51,2019-12-08T01:33:05
1,TB2,Y,0,18,2019-12-08T01:33:05
2,TB2,H,0,1,2019-12-08T01:33:05
0,JKM,C,248,360,2019-12-08T01:33:05
1,JKM,Y,99,111,2019-12-08T01:33:05
2,JKM,H,0,1,2019-12-08T01:33:05
0,JKS,C,32,42,2019-12-08T01:33:06
1,JKS,Y,1,37,2019-12-08T01:33:06
2,JKS,H,0,1,2019-12-08T01:33:06
0,SPM,C,308,719,2019-12-08T01:26:50
1,SPM,H,0,1,2019-12-08T01:26:50
2,SPM,Y,40,57,2019-12-08T01:26:50
0,FR2C,C,146,315,2019-12-08T01:33:04
1,FR2C,Y,13,73,2019-12-08T01:33:04
2,FR2C,H,0,1,2019-12-08T01:33:04
0,GM1A,C,290,414,2019-12-08T01:26:52
1,GM1A,Y,0,180,2019-12-08T01:26:52
2,GM1A,H,0,1,2019-12-08T01:26:52
0,AR5M,C,253,419,2019-12-08T01:26:58
1,AR5M,H,50,1,2019-12-08T01:26:58
0,AR9,C,0,64,2019-12-08T01:32:58
1,AR9,Y,0,24,2019-12-08T01:32:58
2,AR9,H,50,1,2019-12-08T01:32:58
0,C5,C,156,479,2019-12-08T01:33:06
1,C5,Y,33,204,2019-12-08T01:33:06
2,C5,H,0,1,2019-12-08T01:33:06
0,C9,C,145,316,2019-12-08T01:33:07
1,C9,Y,85,125,2019-12-08T01:33:07
2,C9,H,0,1,2019-12-08T01:33:07
0,U46,C,26,241,2019-12-08T01:33:01
0,U15,C,0,419,2019-12-08T01:32:56
0,U3,C,30,159,2019-12-08T01:33:01
0,U32,C,48,128,2019-12-08T01:33:00
0,B75,C,243,325,2019-12-08T01:32:55
0,U38,C,37,120,2019-12-08T01:31:38
0,U10,C,85,214,2019-12-08T01:30:52
0,C8,C,185,347,2019-12-08T01:32:48
0,J60M,C,536,543,2019-12-08T01:00:10
0,J38,C,507,578,2019-12-08T01:00:10
0,UBKM,C,50,150,2019-12-08T01:32:17
0,UBK2,C,39,200,2019-12-08T01:32:17
0,UBK5,C,83,146,2019-12-08T01:32:08
0,HE8,C,45,76,2016-02-15T15:12:52
0,U17,C,95,427,2019-12-08T01:33:04
0,U4,C,145,259,2019-12-08T01:33:08
0,U1,C,80,500,2019-12-08T01:33:12
0,TGML,C,1,4,2019-12-08T01:33:02
0,BRBL,C,8,12,2019-12-08T01:29:50
0,BL18,C,71,401,2019-12-08T01:33:15
0,BRB1,C,136,170,2019-12-08T01:29:50
0,J61,C,104,779,2019-12-08T01:33:13
0,J73,C,75,694,2019-12-08T01:33:09
0,J74,C,55,367,2019-12-08T01:33:14
0,U39,C,65,248,2019-12-08T01:33:10
0,U40,C,52,288,2019-12-08T01:33:18
0,U41,C,18,28,2019-12-08T01:33:15
0,C3M,C,182,882,2019-12-08T01:33:00
1,C3M,Y,68,354,2019-12-08T01:33:00
2,C3M,H,0,1,2019-12-08T01:33:00
0,C4M,C,147,392,2019-12-08T01:33:06
1,C4M,Y,33,47,2019-12-08T01:33:06
2,C4M,H,0,1,2019-12-08T01:33:06
0,J70,C,14,147,2019-12-08T01:33:18
0,J75M,C,66,333,2019-12-08T01:32:57
0,JM15,C,30,491,2019-12-08T01:32:57
0,JM18,C,176,560,2019-12-08T01:33:11
0,C24,C,234,545,2019-12-08T01:31:51
0,C27,C,7,17,2019-12-08T01:31:45
0,KTM5,C,167,512,2019-12-08T01:26:55
1,KTM5,Y,66,170,2019-12-08T01:26:55
2,KTM5,H,0,1,2019-12-08T01:26:55
0,KTM6,C,248,252,2019-08-01T08:03:57
0,BP2,C,147,466,2019-12-08T01:32:52
0,BBM3,C,153,1214,2019-12-08T01:33:10
0,BBM5,C,142,951,2019-12-08T01:33:18
0,U33,C,38,290,2019-12-08T01:33:07
0,U34,C,34,303,2019-12-08T01:33:14
0,J84M,C,0,285,2019-12-08T01:33:03
0,J85M,C,33,269,2019-12-08T01:32:55
0,Q84,C,100,300,2019-12-08T01:33:08
1,Q84,Y,7,124,2019-12-08T01:33:08
2,Q84,H,0,1,2019-12-08T01:33:08
0,Q87,C,216,422,2019-12-08T01:33:09
1,Q87,Y,54,168,2019-12-08T01:33:09
2,Q87,H,0,1,2019-12-08T01:33:09
0,Q89,C,233,441,2019-12-08T01:33:09
1,Q89,Y,144,144,2019-12-08T01:33:09
2,Q89,H,0,1,2019-12-08T01:33:09
0,BM5,C,2,46,2019-12-08T01:33:06
1,BM5,Y,4,8,2019-12-08T01:33:06
2,BM5,H,1,1,2019-12-08T01:33:06
0,TB1,C,6,58,2019-12-08T01:33:05
1,TB1,Y,0,22,2019-12-08T01:33:05
2,TB1,H,0,1,2019-12-08T01:33:05
0,TB3,C,25,154,2019-12-08T01:33:05
1,TB3,Y,21,56,2019-12-08T01:33:05
2,TB3,H,0,1,2019-12-08T01:33:05
0,TB9,C,30,77,2019-12-08T01:26:56
1,TB9,Y,11,45,2019-12-08T01:26:56
2,TB9,H,0,7,2019-12-08T01:26:56
0,TBC3,C,54,106,2019-12-08T01:33:05
1,TBC3,Y,65,95,2019-12-08T01:33:05
2,TBC3,H,0,106,2019-12-08T01:33:05
0,C26,C,25,35,2019-12-08T01:31:46
0,C25,C,45,144,2019-12-08T01:31:50
0,C22M,C,179,200,2019-12-08T01:31:46
0,JM7,C,601,1165,2019-12-08T01:33:19
0,JM30,C,0,706,2019-12-01T09:08:09
0,J72,C,113,256,2019-12-08T01:32:58
0,J69,C,28,222,2019-12-08T00:59:55
0,JM23,C,227,793,2019-12-01T08:16:38
0,JM19,C,1437,1437,2019-12-01T08:16:38
0,U43,C,127,270,2019-12-08T01:30:39
0,U43Z,C,85,1000,2019-07-03T03:59:43
0,W21,C,169,553,2019-12-08T01:32:15
0,W24,C,140,557,2019-12-08T01:32:26
0,M25,C,183,417,2019-12-08T01:32:36
0,M3,C,0,122,2019-12-08T01:32:41
0,M4,C,135,453,2019-12-08T01:32:38
0,MM1,C,93,177,2019-12-08T01:32:41
0,MM2,C,0,362,2019-12-08T01:32:36
0,MM4,C,215,285,2019-12-08T01:32:41
0,UA2,C,0,68,2019-12-08T01:32:43
0,UA3,C,103,240,2019-12-08T01:32:33
0,UA5,C,158,334,2019-12-08T01:31:49
0,UAM1,C,37,455,2019-12-08T01:32:43
0,JM31,C,69,180,2019-12-08T01:33:13
0,BBM9,C,533,1590,2019-12-08T01:33:17
0,C21M,C,172,383,2019-12-08T01:26:51
1,C21M,Y,40,97,2019-12-08T01:26:51
2,C21M,H,50,1,2019-12-08T01:26:51
0,U13,C,172,500,2019-12-08T01:33:06
0,C13M,C,170,290,2019-12-08T01:31:41
0,C12,C,133,316,2019-12-08T01:31:50
0,C14M,C,81,211,2019-12-08T01:31:54
0,C10,C,73,752,2019-12-08T01:31:59
0,BL10,C,114,234,2019-12-08T01:00:03
0,BL19,C,142,371,2019-12-08T01:00:06
0,BL3,C,20,196,2019-12-08T00:59:49
0,J50,C,131,462,2019-12-08T00:59:26
0,J60L,C,9,10,2019-12-08T01:00:10
0,J62,C,274,425,2019-12-08T00:59:39
0,J62M,C,31,222,2019-12-08T00:59:39
0,J63,C,19,153,2019-12-08T00:59:39
0,J65,C,379,975,2019-12-08T00:59:46
0,J71,C,0,481,2019-12-08T01:00:10
0,J76M,C,308,377,2019-12-08T01:00:11
0,J77M,C,266,350,2019-12-08T01:32:59
0,J78M,C,135,500,2019-12-08T01:33:12
0,J79M,C,368,470,2019-12-08T01:00:11
0,J80M,C,303,449,2019-12-08T01:00:07
0,J81M,C,262,431,2019-12-08T01:00:07
0,J82M,C,279,535,2019-12-08T00:59:39
0,J83M,C,0,121,2019-12-08T01:33:09
0,J86M,C,41,194,2019-12-08T01:00:03
0,J88M,C,517,603,2019-12-08T00:59:28
0,J89M,C,494,591,2019-12-08T00:59:28
0,J98M,C,0,384,2019-12-08T00:57:50
0,J99M,C,281,504,2019-12-08T00:57:50
0,JM10,C,0,420,2019-12-08T00:57:50
0,JM13,C,1014,1044,2019-12-08T01:00:13
0,JM22,C,401,532,2019-12-08T01:00:15
0,JM25,C,381,491,2019-12-08T01:00:16
0,JM28,C,102,646,2019-12-08T01:00:08
0,JM29,C,20,641,2019-12-08T01:00:09
0,TBM3,C,310,360,2019-12-08T01:28:09
0,TBM4,C,275,509,2019-12-08T01:28:08
0,BJ49,C,2997,4443,2019-12-08T01:27:34
0,Y11,C,231,662,2019-12-08T01:32:07
0,Y8,C,253,697,2019-12-08T01:33:07
0,Y13,C,77,248,2019-12-08T01:32:44
0,Y3,C,83,403,2019-12-08T01:32:29
0,Y3M,C,48,175,2019-12-08T01:32:29
0,Y39,C,67,191,2019-12-08T01:31:52
0,MPS,C,6,31,2019-12-08T01:31:52
0,Y48,C,149,491,2019-12-08T01:32:54
0,Y48M,C,180,251,2019-12-08T01:32:54
0,Y15,C,132,331,2019-12-08T01:31:49
0,Y4,C,256,810,2019-12-08T01:33:08
0,Y27,C,99,286,2019-12-08T01:32:42
0,Y49,C,150,566,2019-12-08T01:32:29
0,Y21M,C,185,358,2019-12-08T01:31:45
0,Y28,C,46,285,2019-12-08T01:32:25
0,Y28M,C,197,306,2019-12-08T01:32:25
0,Y33,C,31,102,2019-12-08T01:32:34
0,Y49M,C,177,279,2019-12-08T01:32:10
0,Y49L,C,5,27,2019-12-08T01:32:10
0,Y49HV,C,28,3,2016-02-15T21:52:35
0,Y7,C,188,647,2019-12-08T01:32:44
0,Y57,C,6,21,2019-12-08T01:32:09
0,Y21,C,13,46,2019-12-08T01:32:20
0,SB19,C,232,389,2019-12-08T01:32:21
0,SB24,C,228,387,2019-12-08T01:32:21
0,S19L,C,2,4,2019-12-08T01:32:21
0,S24L,C,0,2,2019-12-08T01:32:21
0,SB2,C,162,310,2019-12-08T01:33:37
0,SB16,C,413,593,2019-12-08T01:32:45
0,SB26,C,256,416,2019-12-08T01:32:54
0,SB27,C,260,395,2019-12-08T01:32:54
0,SB28,C,324,498,2019-12-08T01:32:54
0,SB28L,C,8,8,2016-02-25T22:52:35
0,SB3,C,191,363,2019-12-08T01:32:26
0,SB15,C,1108,1529,2019-12-08T01:32:44
0,S15L,C,11,15,2019-12-08T01:32:44
0,SB4,C,141,270,2019-12-08T01:29:46
0,SB5,C,209,350,2019-12-08T01:32:44
0,SB18,C,395,644,2019-12-08T01:32:26
0,SB21,C,553,802,2019-12-08T01:32:26
0,SB29,C,182,512,2019-12-08T01:32:16
0,SB30,C,267,415,2019-12-08T01:32:21
0,SB31,C,101,190,2019-12-08T01:32:21
0,SB23,C,340,552,2019-12-08T01:31:45
0,SB22,C,294,530,2019-12-08T01:33:03
0,SB34,C,21,61,2019-12-08T01:32:39
0,SK36,C,194,333,2019-12-08T01:31:18
0,SK37,C,337,538,2019-12-08T01:31:18
0,SK42,C,286,465,2019-12-08T01:31:18
0,SK23,C,411,672,2019-12-08T01:31:40
0,SK10,C,166,394,2019-12-08T01:29:28
0,SK19,C,123,326,2019-12-08T01:31:30
0,SK20,C,127,283,2019-12-08T01:31:30
0,SK11,C,152,362,2019-12-08T01:32:20
0,SK45,C,334,556,2019-12-08T01:32:12
0,SK4,C,361,593,2019-12-08T01:32:23
0,SK77,C,24,412,2019-12-08T01:33:48
0,SK16,C,241,429,2019-12-08T01:32:08
0,SK63,C,223,494,2019-12-08T01:31:43
0,SK7,C,338,539,2019-12-08T01:32:08
0,MR4,C,22,38,2019-12-08T01:31:59
0,CR7,C,25,156,2019-12-08T01:31:32
0,KB4,C,197,402,2019-12-08T01:31:06
0,JRM,C,163,270,2019-12-08T01:30:16
0,SD5,C,28,64,2019-12-08T01:30:46
0,KB12,C,43,191,2019-12-08T01:32:59
0,UBK4,C,8,49,2019-12-08T01:32:45
0,SD2,C,5,27,2019-12-08T01:29:28
0,SDM2,C,62,134,2019-12-08T01:29:28
0,MR567,C,94,38,2016-02-15T21:52:35
0,SG3,C,42,141,2019-12-08T01:31:46
0,NBRM,C,354,395,2019-12-08T01:31:22
0,SG2,C,50,102,2019-12-08T01:32:20
0,SDM,C,178,193,2019-12-08T01:31:00
0,SD3,C,84,101,2019-12-08T01:29:39
0,W107,C,10,49,2019-12-08T01:31:04
0,W30,C,158,285,2019-12-08T01:30:53
0,W28,C,0,10,2019-12-08T01:30:53
0,W44,C,159,314,2019-12-08T01:30:16
0,W45,C,180,308,2019-12-08T01:31:29
0,W7,C,0,121,2019-12-08T01:31:48
0,W19,C,39,200,2019-12-08T01:31:09
0,W780,C,225,350,2019-12-08T01:29:35
0,W101,C,383,486,2019-12-08T01:30:58
0,W13,C,128,283,2019-12-08T01:29:54
0,W48,C,191,298,2019-12-08T01:27:17
0,W102,C,295,451,2019-12-08T01:31:16
0,W37,C,0,50,2019-12-08T01:31:55
0,W52,C,132,285,2019-12-08T01:31:55
0,W64,C,251,352,2019-12-08T01:31:52
0,W17,C,248,411,2019-12-08T01:31:24
0,W18,C,222,533,2019-12-08T01:31:53
0,W58,C,220,382,2019-12-08T01:29:30
0,W5,C,1,210,2019-12-08T01:31:40
0,W5M,C,93,217,2019-12-08T01:31:40
0,W23,C,225,550,2019-12-08T01:31:41
0,W40,C,147,304,2019-12-08T01:31:05
0,W49,C,196,275,2019-12-08T01:31:05
0,W50,C,176,254,2019-12-08T01:31:05
0,W51,C,234,304,2019-12-08T01:31:05
0,W36,C,216,539,2019-12-08T01:31:30
0,W10,C,52,116,2019-12-08T01:31:10
0,W6,C,14,55,2019-12-08T01:31:02
0,W181,C,163,275,2019-12-08T01:31:27
0,W14,C,102,330,2019-12-08T01:31:18
0,PM6,C,172,435,2019-12-08T01:32:09
0,PM17,C,105,407,2019-12-08T01:31:58
0,PM14,C,177,443,2019-12-08T01:32:01
0,PM29,C,205,415,2019-12-08T01:32:13
0,PM16,C,116,256,2019-12-08T01:32:22
0,PM18,C,46,176,2019-12-08T01:32:13
0,PM11,C,27,152,2019-12-08T01:31:05
0,PM7,C,87,248,2019-12-08T01:31:05
0,PM13,C,119,441,2019-12-08T01:32:39
0,PM45,C,182,521,2019-12-08T01:32:20
0,PM41,C,97,367,2019-12-08T01:32:25
0,PR1,C,2,290,2019-12-08T01:32:49
0,PM19,C,300,441,2019-12-08T01:32:49
0,P40L1,C,6,2,2016-02-15T21:52:35
0,P40L2,C,6,3,2016-02-15T21:52:35
0,PM40,C,77,263,2019-12-08T01:32:31
0,PM37,C,132,293,2019-12-08T01:32:00
0,PM36,C,151,379,2019-12-08T01:32:00
0,SK93,C,283,473,2019-12-08T01:32:01
0,SK2,C,193,360,2019-12-08T01:30:22
0,SK60,C,463,865,2019-12-08T01:32:03
0,SK15,C,368,681,2019-12-08T01:31:53
0,SK17,C,471,677,2019-12-08T01:31:53
0,SK12,C,154,354,2019-12-08T01:31:42
0,W4,C,9,28,2019-12-08T01:29:30
0,SK22,C,274,507,2019-12-08T01:31:18
0,SK21,C,381,653,2019-12-08T01:32:00
0,SK13,C,114,355,2019-12-08T01:29:48
0,SK6,C,329,473,2019-12-08T01:31:51
0,CK52,C,1084,2064,2019-12-08T01:27:50
0,P1,C,114,312,2019-12-08T01:32:08
0,P2,C,107,290,2019-12-08T01:32:08
0,P3,C,242,652,2019-12-08T01:31:59
0,P4,C,402,410,2019-12-08T01:31:59
0,P5,C,176,507,2019-12-08T01:31:36
0,P5L,C,0,4,2019-12-08T01:31:37
0,P6,C,258,534,2019-12-08T01:31:37
0,P6L,C,6,6,2019-12-08T01:31:37
0,P6M,C,436,537,2015-10-23T13:21:14
0,PL14,C,473,500,2019-12-08T01:33:49
0,PL15,C,58,277,2019-12-08T01:32:09
0,PL25,C,70,275,2019-12-08T01:32:09
0,PL29,C,456,456,2019-12-08T01:33:36
0,PL30,C,496,500,2019-12-06T12:24:35
0,PL31,C,56,220,2019-12-08T01:31:51
0,PL32,C,47,201,2019-12-08T01:31:51
0,PL33,C,13,58,2019-12-08T01:31:57
0,PL39,C,70,423,2019-12-08T01:31:58
0,PL40,C,58,242,2019-12-08T01:31:58
0,PL41,C,72,448,2019-12-08T01:31:50
0,PL42,C,455,455,2019-12-08T01:33:32
0,PL44,C,4,39,2019-12-08T01:31:59
0,PL45,C,60,340,2019-12-08T01:32:10
0,PL46,C,55,426,2019-12-08T01:31:58
0,PL48,C,345,345,2019-12-08T01:33:43
0,J10,C,41,175,2019-12-08T01:32:33
0,J11,C,66,129,2019-12-08T01:32:44
0,CK32,C,237,433,2019-12-08T01:27:57
0,BJ51,C,303,553,2019-12-08T01:27:33
0,BJ52,C,199,588,2019-12-08T01:27:38
0,SK25,C,237,407,2019-12-08T01:30:59
0,SK26,C,310,430,2019-12-08T01:32:07
0,SK32,C,589,1074,2019-12-08T01:32:12
0,SK33,C,589,1074,2019-12-08T01:32:12
0,HG11,C,496,862,2019-12-08T01:32:32
0,PL68,C,77,366,2019-12-08T01:32:03
0,PL69,C,111,699,2019-12-08T01:32:00
0,MLM,C,0,496,2019-12-08T01:32:01
1,MLM,Y,0,167,2019-12-08T01:32:01
2,MLM,H,0,0,2019-12-08T01:32:01
0,CR2,C,11,32,2019-12-08T01:29:02
0,CR3,C,0,28,2019-12-08T01:32:38
0,W57,C,160,483,2019-12-08T01:31:46
0,BE36,C,3,48,2019-12-08T01:32:07
0,BE37,C,8,26,2019-12-08T01:32:07
0,BE38,C,358,407,2019-12-08T01:32:08
0,BE42,C,299,835,2019-12-08T01:32:07
0,BE7,C,16,122,2019-12-08T01:32:14
0,SE13,C,55,289,2019-12-08T01:32:08
0,SE16,C,296,673,2019-12-08T01:32:07
0,SM1,C,88,138,2019-12-08T01:32:03
0,SM3,C,82,138,2019-12-08T01:32:26
0,JB3,C,17,33,2019-12-08T01:32:34
0,JB4,C,115,147,2019-12-08T01:32:36
0,K2,C,9,95,2019-12-08T01:32:38
0,K2T,C,0,74,2019-12-08T01:32:38
0,KM2,C,88,129,2019-12-08T01:33:05
1,KM2,Y,79,118,2019-12-08T01:33:05
2,KM2,H,0,1,2019-12-08T01:33:05
0,KM3,C,285,530,2019-12-08T01:32:39
0,TRS,C,163,269,2019-12-08T01:32:34
0,ACM,C,257,285,2019-12-08T01:32:44
0,GE1A,C,426,776,2019-12-08T01:32:43
0,GE1F,C,13,50,2019-12-08T01:32:42
0,GE1G,C,10,48,2019-12-08T01:32:43
0,GE2,C,104,193,2019-12-08T01:32:35
0,GE3,C,224,340,2019-12-08T01:32:36
0,GE5,C,89,255,2019-12-08T01:32:36
0,JB1,C,29,81,2019-12-08T01:32:43
0,JB2,C,3,43,2019-12-08T01:32:46
0,K7,C,159,159,2019-12-08T01:32:35
0,KM4,C,276,429,2019-12-08T01:32:36
0,LT1,C,141,256,2019-12-08T01:32:17
0,LT2,C,3,65,2019-12-08T01:32:18
0,LT3,C,37,267,2019-12-08T01:32:18
0,M1,C,173,340,2019-12-08T01:32:22
0,M32,C,189,392,2019-12-08T01:32:34
0,MP1,C,62,161,2019-12-08T01:32:38
0,MP17,C,29,85,2019-12-08T01:32:43
0,MP2,C,189,301,2019-12-08T01:32:39
0,MP5,C,103,165,2019-12-08T01:32:42
0,MP5M,C,3,158,2019-12-08T01:32:41
0,MP5S,C,5,32,2019-12-08T01:32:41
0,MP6,C,56,73,2019-12-08T01:32:43
0,MP7,C,94,202,2019-12-08T01:32:46
0,SK9,C,202,456,2019-12-08T01:31:45
0,SK14,C,250,444,2019-12-08T01:31:45
0,BE10,C,329,674,2019-12-08T01:32:31
0,BE11,C,262,403,2019-12-08T01:32:31
0,BE13,C,137,232,2019-12-08T01:32:25
0,BE14,C,290,337,2019-12-08T01:32:09
0,BE26,C,4,69,2019-12-08T01:32:22
0,BE27,C,282,362,2019-12-08T01:32:23
0,BE28,C,30,295,2019-12-08T01:32:24
0,BE29,C,0,42,2019-12-08T01:32:06
0,BE30,C,204,357,2019-12-08T01:32:06
0,BE31,C,37,108,2019-12-08T01:32:18
0,BE32,C,301,357,2019-12-08T01:32:18
0,BE4,C,396,772,2019-12-08T01:32:04
0,BE5,C,292,626,2019-12-08T01:32:07
0,BE6,C,13,180,2019-12-08T01:32:25
0,BE9,C,309,777,2019-12-08T01:32:08
0,CLM,C,244,247,2019-12-08T01:28:37
0,BM14,C,10,94,2019-12-08T01:33:07
1,BM14,Y,0,32,2019-12-08T01:33:07
2,BM14,H,0,10,2019-12-08T01:33:07
0,BM19,C,12,37,2019-12-08T01:33:02
1,BM19,Y,40,16,2019-12-08T01:33:02
2,BM19,H,50,50,2019-12-08T01:33:02
0,BM20,C,42,60,2019-12-08T01:33:02
1,BM20,Y,24,24,2019-12-08T01:33:02
2,BM20,H,50,50,2019-12-08T01:33:02
0,BM4,C,44,150,2019-12-08T01:28:34
0,BM6,C,22,30,2019-12-08T01:28:55
0,BVM2,C,341,401,2019-12-08T01:28:37
0,CM1,C,174,966,2019-12-08T01:28:43
0,DUX,C,571,1000,2016-04-20T13:28:38
0,H12,C,132,500,2019-12-08T01:28:46
0,H14,C,133,230,2019-12-08T01:28:35
0,H3,C,11,66,2019-12-08T01:28:39
0,H8,C,29,82,2019-12-08T01:26:56
1,H8,Y,49,65,2019-12-08T01:26:56
2,H8,H,0,1,2019-12-08T01:26:56
0,HCM,C,309,385,2019-12-08T01:28:38
0,HE1,C,0,18,2019-12-08T01:28:38
0,HE19,C,38,93,2019-12-08T01:26:28
1,HE19,Y,40,30,2019-12-08T01:26:28
2,HE19,H,50,50,2019-12-08T01:26:28
0,HE24,C,1,37,2019-12-08T01:33:10
1,HE24,Y,4,5,2019-12-08T01:33:10
2,HE24,H,0,1,2019-12-08T01:33:10
0,HE4,C,78,128,2019-12-08T01:28:37
0,JMB1,C,492,492,2019-12-08T01:28:35
0,JRTM,C,297,433,2019-12-08T01:33:07
1,JRTM,Y,0,90,2019-12-08T01:33:07
2,JRTM,H,0,10,2019-12-08T01:33:07
0,KTM,C,345,423,2019-12-08T01:28:40
0,KTM2,C,423,423,2019-12-08T01:28:40
0,KTM3,C,41,45,2019-12-08T01:28:48
0,KTM4,C,305,461,2019-12-08T01:28:57
0,LBM,C,92,170,2019-12-08T01:28:35
0,PGS,C,100,100,2016-04-25T09:48:25
0,PP9T,C,95,131,2019-12-08T01:30:40
0,RH3,C,0,35,2016-02-16T11:37:54
0,RHM2,C,138,225,2019-12-08T01:28:35
0,RHM3,C,92,400,2019-12-08T01:28:44
0,RHM4,C,0,282,2019-12-08T01:28:44
0,RHS,C,0,35,2019-12-08T01:28:44
0,HG30,C,300,433,2019-12-08T01:32:24
0,HG31,C,15,101,2019-12-08T01:32:01
0,HG32,C,70,287,2019-12-08T01:32:21
0,HG39,C,123,186,2019-12-08T01:32:08
0,HG47,C,156,331,2019-12-08T01:32:25
0,HG48,C,320,840,2019-12-08T01:32:08
0,HG49,C,0,782,2019-12-08T01:32:26
0,HG50,C,51,415,2019-12-08T01:32:19
0,HG51,C,0,203,2019-12-08T01:32:30
0,HG52,C,94,189,2019-12-08T01:32:19
0,HG54,C,321,490,2019-12-08T01:32:31
0,HG55,C,30,50,2019-12-08T01:29:33
0,HG60,C,250,369,2019-12-08T01:32:13
0,HG61,C,195,312,2019-12-08T01:32:10
0,HG62,C,246,343,2019-12-08T01:32:24
0,HG67,C,235,705,2019-12-08T01:32:24
0,HG68,C,156,268,2019-12-08T01:32:32
0,HG69,C,9,203,2019-12-08T01:32:19
0,HG7,C,383,763,2019-12-08T01:32:13
0,HG70,C,222,692,2019-12-08T01:32:12
0,HG76,C,134,266,2019-12-08T01:32:22
0,HG77,C,239,423,2019-12-08T01:32:22
0,HG78,C,110,490,2019-12-08T01:32:20
0,HG79,C,83,401,2019-12-08T01:32:35
0,HG89,C,271,350,2019-12-08T01:32:08
0,HG94,C,619,896,2019-12-08T01:32:30
0,HG95,C,50,80,2019-12-08T01:28:57
0,HG96,C,48,50,2019-12-08T01:28:57
0,HG97,C,40,41,2019-12-08T01:32:18
0,HG99,C,60,154,2019-12-08T01:32:33
0,J12,C,172,249,2019-12-08T01:32:32
0,J14,C,39,198,2019-12-08T01:32:46
0,J15,C,59,209,2019-12-08T01:32:47
0,J16,C,91,200,2019-12-08T01:32:49
0,J18,C,104,178,2019-12-08T01:32:33
0,J22,C,47,233,2019-12-08T01:32:24
0,J23,C,0,274,2019-12-08T01:32:24
0,J23M,C,0,251,2019-12-08T01:32:51
0,J8,C,204,381,2019-12-08T01:32:26
0,J9,C,23,190,2019-12-08T01:32:46
0,J90,C,385,485,2019-12-08T01:32:30
0,J91,C,480,595,2019-12-08T01:32:42
0,J92,C,315,462,2019-12-08T01:32:35
0,J93,C,292,491,2019-12-08T01:32:41
0,J94,C,311,444,2019-12-08T01:32:43
0,J95,C,278,467,2019-12-08T01:32:41
0,J96,C,255,445,2019-12-08T01:32:43
0,J97,C,246,411,2019-12-08T01:32:53
0,BBM2,C,163,285,2019-12-08T01:31:45
0,U12,C,303,773,2019-12-08T01:32:16
0,CK56,C,720,1561,2019-12-08T01:27:35
0,CK57,C,317,1088,2019-12-08T01:27:35
0,U51,C,156,350,2019-12-08T01:30:16
0,ALL,C,548,548,2016-02-10T20:02:17
0,B59,C,84,386,2019-12-08T01:32:56
0,B60,C,49,272,2019-12-08T01:32:56
0,B97,C,249,553,2019-12-08T01:33:13
0,CC12,C,68,131,2019-12-08T01:32:56
0,SK39,C,269,519,2019-12-08T01:31:15
0,SK81,C,14,200,2019-12-08T01:33:34
0,P40L,C,4,6,2019-12-08T01:32:31
0,PM10,C,113,354,2019-12-08T01:32:10
0,PM25,C,160,502,2019-12-08T01:30:57
0,PR7,C,32,208,2019-12-08T01:32:40
0,MR5,C,40,86,2019-12-08T01:32:22
0,MR6,C,40,86,2019-12-08T01:32:22
0,MR7,C,40,86,2019-12-08T01:32:22
0,SG1,C,132,293,2019-12-08T01:32:52
0,SGLM,C,23,230,2019-12-08T01:32:52
0,W4M,C,259,367,2019-12-08T01:29:30
0,W59,C,276,434,2019-12-08T01:31:49
0,W554,C,238,376,2019-12-08T01:31:43
0,W549,C,262,429,2019-12-08T01:31:43
0,W81,C,236,350,2019-12-08T01:30:29
0,SK28,C,252,460,2019-12-08T01:31:02
0,W586,C,266,360,2019-12-08T01:31:09
0,W588,C,177,358,2019-12-08T01:31:09
0,BL19S,C,363,371,2016-02-05T14:34:00
0,J80MS,C,352,360,2015-08-19T12:21:16
0,J80S,C,353,360,2015-08-19T12:37:42
0,J84S,C,0,10,2015-08-19T12:38:20
0,J86S,C,196,200,2015-08-19T12:33:46
0,JM13S,C,789,967,2016-02-05T15:00:32
0,SK29,C,353,526,2019-12-08T01:31:56
0,W26,C,0,21,2019-12-08T01:31:25
0,W27,C,0,4,2019-12-08T01:29:27
0,PM8,C,201,335,2019-12-08T01:32:10
0,PR8,C,0,154,2019-12-08T01:32:10
0,SK69,C,55,264,2019-12-08T01:33:32
0,AH1,C,131,266,2019-12-08T01:33:01
0,BR14,C,32,78,2019-12-08T01:33:07
0,RC1,C,0,164,2019-12-08T01:33:10
0,TP12,C,61,81,2019-12-08T01:33:07
0,TP15,C,0,65,2019-12-08T01:33:07
0,TP20,C,0,90,2019-12-08T01:32:58
0,TP22,C,98,183,2019-12-08T01:33:13
0,TP3,C,157,214,2019-12-08T01:33:09
0,TP30,C,27,32,2019-12-08T01:33:09
0,TP34,C,184,230,2019-12-08T00:26:06
0,TP3A,C,150,296,2019-12-08T01:33:02
0,TP40,C,187,360,2019-12-08T01:32:58
0,TP41,C,48,170,2019-12-08T01:32:59
0,TP43,C,68,115,2019-12-08T01:33:12
0,TP48,C,0,20,2019-12-08T01:33:04
0,TP52,C,263,468,2019-12-08T01:33:07
0,TP53,C,97,303,2019-12-08T01:33:18
0,TP54,C,211,326,2019-12-08T01:33:18
0,TP60,C,96,281,2019-12-08T01:33:05
0,TP62,C,76,149,2019-12-08T01:33:07
0,TP63,C,42,116,2019-12-08T01:33:07
0,TP67,C,133,198,2019-12-08T01:32:58
0,TP7,C,181,183,2019-12-08T01:33:05
0,TP8,C,99,180,2019-12-08T01:33:05
0,TPB1,C,66,158,2019-12-08T01:33:13
0,TPM2,C,83,209,2019-12-08T01:33:06
0,TPM3,C,180,370,2019-12-08T01:32:58
0,TPM7,C,265,476,2019-12-08T01:33:09
0,TPM8,C,424,424,2019-12-08T01:33:03
0,TPM9,C,494,852,2019-12-08T01:33:03
0,TPMA,C,70,505,2019-12-08T01:33:07
0,TPMB,C,418,594,2019-12-08T01:33:13
0,TPMC,C,466,633,2019-12-08T01:33:18
0,TPMD,C,97,145,2019-12-08T01:33:15
0,TPME,C,154,183,2019-12-08T01:33:06
0,TPMF,C,283,460,2019-12-08T01:33:14
0,TPMH,C,213,246,2019-12-08T01:32:59
0,TPMJ,C,453,656,2019-12-08T01:33:14
0,TPMK,C,200,248,2019-12-08T01:33:00
0,TPML,C,140,288,2019-12-08T01:33:07
0,TPMM,C,159,329,2019-12-08T01:33:07
0,SK24,C,494,777,2019-12-08T01:31:59
0,SK24,Y,200,181,2016-02-19T11:19:28
0,SK24,H,200,181,2016-02-19T11:19:29
0,HG17,C,100,244,2019-12-08T01:32:33
0,HG75,C,605,823,2019-12-08T01:32:15
0,HG86,C,216,404,2019-12-08T01:32:08
0,HG92,C,835,1017,2019-12-08T01:32:15
0,Q86,C,77,346,2019-12-08T01:31:03
1,Q86,Y,0,0,2019-12-08T01:31:03
2,Q86,H,0,0,2019-12-08T01:31:03
0,Q19,C,6,18,2019-12-08T01:30:17
1,Q19,Y,0,155,2019-12-08T01:30:17
2,Q19,H,0,0,2019-12-08T01:30:17
0,MLM1,C,84,266,2019-12-08T01:32:01
1,MLM1,Y,0,177,2019-12-08T01:32:01
2,MLM1,H,0,0,2019-12-08T01:32:01
0,STM1,C,0,104,2019-12-08T01:31:29
1,STM1,Y,0,12,2019-12-08T01:31:29
2,STM1,H,0,0,2019-12-08T01:31:29
0,STM2,C,130,220,2019-12-08T01:31:13
1,STM2,Y,0,52,2019-12-08T01:31:13
2,STM2,H,0,0,2019-12-08T01:31:13
0,STM3,C,0,35,2019-12-08T01:31:15
1,STM3,Y,0,155,2019-12-08T01:31:15
2,STM3,H,0,0,2019-12-08T01:31:15
0,Q88,C,107,221,2019-12-08T01:30:34
1,Q88,Y,0,0,2019-12-08T01:30:34
2,Q88,H,0,0,2019-12-08T01:30:34
0,Q8,C,26,139,2019-12-08T01:30:53
1,Q8,Y,0,155,2019-12-08T01:30:53
2,Q8,H,0,0,2019-12-08T01:30:53
0,CDM,C,99,275,2019-12-08T01:30:30
1,CDM,Y,0,155,2019-12-08T01:30:30
2,CDM,H,0,0,2019-12-08T01:30:30
0,PL16,C,24,153,2019-12-08T01:32:05
0,PL19,C,68,291,2019-12-08T01:32:09
0,PL24,C,446,749,2019-12-08T01:32:06
0,PL38,C,90,399,2019-12-08T01:32:00
0,PL50,C,31,192,2019-12-08T01:31:57
0,PL51,C,111,321,2019-12-08T01:31:57
0,CK2,C,210,464,2019-12-08T01:27:50
0,A28,C,37,84,2019-12-08T01:33:12
0,A31,C,188,310,2019-12-08T01:33:40
0,A44,C,0,157,2019-12-08T01:33:30
0,A27,C,127,251,2019-12-08T01:33:27
0,A75,C,0,353,2019-12-08T01:33:16
0,SE41,C,354,762,2019-12-08T01:33:39
0,A2,C,119,187,2019-12-08T01:33:32
0,A94,C,169,234,2019-12-08T01:33:20
0,HG1D,C,40,181,2019-12-08T01:32:34
0,CK54,C,892,1854,2019-12-08T01:27:50
0,HE17,C,59,120,2019-12-08T01:28:51
0,SPS,C,79,94,2019-12-08T01:28:39
0,TB10,C,68,203,2019-12-08T01:28:57
0,TB11,C,89,152,2019-12-08T01:28:39
0,TB22,C,11,18,2019-12-08T01:28:51
0,TB23,C,28,50,2019-12-08T01:32:59
1,TB23,Y,0,38,2019-12-08T01:32:59
2,TB23,H,0,50,2019-12-08T01:32:59
0,TB28,C,1,7,2019-12-08T01:33:06
1,TB28,Y,40,49,2019-12-08T01:33:06
2,TB28,H,50,50,2019-12-08T01:33:06
0,TB4A,C,40,46,2019-11-01T07:59:49
0,TB6,C,68,136,2019-12-08T01:28:39
0,TB7,C,114,186,2019-12-08T01:28:39
0,TB8,C,34,85,2019-12-08T01:26:55
1,TB8,Y,40,44,2019-12-08T01:26:55
2,TB8,H,50,50,2019-12-08T01:26:55
0,TBCM,C,216,593,2019-12-08T01:33:01
1,TBCM,Y,39,135,2019-12-08T01:33:01
2,TBCM,H,50,1,2019-12-08T01:33:01
0,TE1,C,35,95,2019-12-08T01:28:40
0,YHS,C,29,60,2019-12-08T01:28:37
0,JM5,C,45,704,2019-12-08T00:57:49
0,JM6,C,469,702,2019-12-08T00:57:49
0,JM7M,C,681,691,2015-08-19T11:39:45
0,JM8,C,364,478,2019-11-07T00:45:46
0,JM8M,C,480,481,2015-08-19T11:39:45
0,JM9,C,183,417,2019-12-08T00:57:49
0,JSR1,C,1192,1194,2019-12-08T00:59:27
0,TJ27,C,74,225,2019-12-08T00:59:39
0,TJ28M,C,485,555,2016-02-04T18:35:55
0,TJ29,C,220,303,2019-12-08T00:59:39
0,TJ30,C,364,731,2019-12-08T00:57:51
0,TJ30S,C,272,288,2016-02-05T15:39:25
0,TJ32,C,543,544,2019-12-08T00:59:34
0,TJ33,C,193,441,2019-12-08T00:59:34
0,TJ33S,C,439,440,2015-12-24T18:04:02
0,TJ36,C,34,305,2019-12-08T00:59:34
0,TP4A,C,150,296,2019-12-08T01:33:03
0,CV1,C,259,302,2019-12-08T01:30:40
0,CV3,C,46,79,2019-12-08T01:31:39
0,PM32,C,159,454,2019-12-08T01:32:20
0,PM33,C,144,452,2019-12-08T01:32:20
0,PM34,C,161,442,2019-12-08T01:32:20
0,Y19,C,216,1159,2019-12-08T01:32:59
0,Y18,C,104,251,2019-12-08T01:32:19
0,Y26,C,143,291,2019-12-08T01:32:51
0,S28L,C,8,8,2019-12-08T01:32:54
0,CV2,C,21,28,2019-12-08T01:32:06
0,S30L,C,0,21,2019-12-08T01:31:38
0,SK30,C,204,425,2019-12-08T01:31:38
0,SK31,C,352,618,2019-12-08T01:32:05
0,SK38,C,384,654,2019-12-08T01:31:38
0,SK59,C,0,18,2019-12-08T01:31:38
0,W79,C,317,490,2019-12-08T01:30:55
0,W80,C,188,322,2019-12-08T01:30:55
0,W87,C,268,401,2019-12-08T01:30:28
0,W88,C,298,443,2019-12-08T01:30:28
0,W92,C,265,389,2019-12-08T01:29:57
0,SK94,C,178,520,2019-12-08T01:29:28
0,SD4,C,18,41,2019-12-08T01:31:52
0,PM12,C,97,169,2019-12-08T01:31:28
0,MP3M,C,188,230,2019-12-08T01:32:39
0,MP4M,C,301,302,2019-12-08T01:32:38
0,PM38,C,71,244,2019-12-08T01:31:58
0,EPL,C,0,18,2019-12-08T01:32:52
0,B86,C,81,160,2019-12-08T01:32:43
0,MP2M,C,145,576,2019-12-08T01:32:39
0,W15,C,111,137,2018-04-01T00:04:09
0,BE25,C,235,275,2019-12-08T01:32:23
0,BE33,C,72,269,2019-12-08T01:32:14
0,L1,C,21,178,2019-12-08T01:32:15
0,SE15,C,227,486,2019-12-08T01:32:29
0,SE17,C,281,436,2019-12-08T01:32:05
0,SE18,C,0,279,2019-12-08T01:32:31
0,SE19,C,117,558,2019-12-08T01:32:07
0,SE25,C,70,239,2019-12-08T01:32:05
0,SE26,C,114,214,2019-12-08T01:32:06
0,SE27,C,51,380,2019-12-08T01:32:11
0,SE28,C,150,186,2019-12-08T01:32:06
0,SE29,C,182,333,2019-12-08T01:32:15
0,SH2,C,145,173,2019-12-08T01:32:12
0,W43,C,96,323,2019-12-08T01:31:33
0,HG5,C,81,152,2019-12-08T01:32:25
0,W46,C,120,407,2019-12-08T01:31:39
0,TP68,C,18,20,2019-12-08T01:33:00
0,DUXM,C,0,1000,2019-12-08T01:28:40
0,TP49,C,150,296,2019-12-08T01:33:03
0,TP50,C,150,296,2019-12-08T01:33:04
0,SI1,C,126,326,2019-12-08T01:32:26
0,SI11,C,46,208,2019-12-08T01:32:37
0,SI12,C,58,168,2019-12-08T01:32:37
0,SIM1,C,244,315,2019-12-08T01:32:27
0,SIM2,C,201,306,2019-12-08T01:32:27
0,SIM3,C,168,236,2019-12-08T01:32:37
0,T34,C,23,284,2019-12-08T01:32:35
0,T35,C,95,630,2019-12-08T01:32:21
0,T4,C,56,290,2019-12-08T01:32:27
0,T75,C,47,231,2019-12-08T01:32:39
0,T80,C,136,348,2019-12-08T01:32:38
0,TM11,C,176,439,2019-12-08T01:32:21
0,TM12,C,134,346,2019-12-08T01:32:28
0,TM13,C,89,207,2019-12-08T01:32:21
0,TM14,C,103,361,2019-12-08T01:32:37
0,TM17,C,154,448,2019-12-08T01:32:40
0,TM18,C,57,306,2019-12-08T01:32:41
0,TM21,C,77,338,2019-12-08T01:32:31
0,TM22,C,90,345,2019-12-08T01:32:32
0,TM28,C,65,290,2019-12-08T01:32:19
0,TM29,C,154,272,2019-12-08T01:32:19
0,TM3,C,188,428,2019-12-08T01:32:42
0,TM30,C,144,408,2019-12-08T01:32:31
0,TM31,C,130,476,2019-12-08T01:32:28
0,TM32,C,199,460,2019-12-08T01:32:29
0,TM4,C,202,512,2019-12-08T01:32:36
0,TM49,C,78,197,2019-12-08T01:32:36
0,TM5,C,157,501,2019-12-08T01:32:36
0,PL23,C,162,446,2019-12-08T01:32:04
0,PL27,C,128,407,2019-12-08T01:32:05
0,PL34,C,276,277,2019-12-08T01:31:59
0,PL35,C,58,234,2019-12-08T01:32:00
0,PL37,C,52,286,2019-12-08T01:32:00
0,P34L,C,0,20,2019-12-08T01:31:59
0,P35L,C,10,10,2019-12-08T01:32:00
0,SI2,C,181,591,2019-12-08T01:32:27
0,SI4,C,102,460,2019-12-08T01:32:27
0,T32,C,162,645,2019-12-08T01:33:09
0,B28,C,228,342,2019-12-08T01:32:45
0,SIM5,C,160,260,2019-12-08T01:32:41
0,TWM1,C,534,776,2019-12-08T01:27:28
0,A52,C,89,150,2019-12-08T01:33:37
0,A53,C,657,870,2019-12-08T01:33:31
0,A54,C,586,743,2019-12-08T01:33:26
0,AM51,C,61,266,2019-12-08T01:33:26
0,B47,C,132,234,2019-12-08T01:32:26
0,B48,C,54,210,2019-12-08T01:32:27
0,J21,C,193,692,2019-12-08T01:32:48
0,SM9,C,6,26,2019-12-08T01:31:28
0,Q82,C,378,420,2018-08-13T06:36:53
0,HG2,C,34,242,2019-12-08T01:32:25
0,HG2B,C,48,323,2019-12-08T01:32:21
0,HG4,C,223,624,2019-12-08T01:32:16
0,GSM,C,39,200,2019-12-08T01:32:29
0,SK40,C,345,514,2019-12-08T01:32:03
0,SK41,C,207,392,2019-12-08T01:31:45
0,SK44,C,164,418,2019-12-08T01:31:01
0,SK48,C,248,471,2019-12-08T01:32:18
0,SK49,C,323,483,2019-12-08T01:31:55
0,SK50,C,262,471,2019-12-08T01:31:52
0,SK51,C,347,541,2019-12-08T01:32:01
0,KEM1,C,112,227,2019-12-08T01:32:58
0,BR8,C,10,127,2019-12-08T01:33:04
0,BR6,C,91,131,2019-12-08T01:33:17
0,BR10,C,3,59,2019-12-08T01:33:18
0,GSML,C,19,22,2019-12-08T01:32:29
0,CK53,C,504,918,2019-12-08T01:27:28
0,HG73,C,739,1052,2019-12-08T01:32:28
0,W106,C,541,709,2019-12-08T01:31:24
0,W104,C,558,696,2019-12-08T01:31:55
0,W105,C,59,126,2019-12-08T01:31:55
0,CK10,C,135,401,2019-12-08T01:27:51
0,CK9,C,10,45,2019-12-08T01:27:33
0,EC2,C,353,809,2019-12-08T01:32:43
0,EC3,C,36,46,2019-12-08T01:32:23
0,EC4,C,67,114,2019-12-08T01:32:23
0,ECM,C,314,407,2019-12-08T01:32:43
0,M33,C,45,125,2019-12-08T01:32:32
0,CK59,C,103,549,2019-12-08T01:27:56
0,CKM9,C,141,273,2019-12-08T01:27:44
0,W782,C,163,383,2019-12-08T01:30:32
0,SK5,C,324,668,2019-12-08T01:31:52
0,PL18,C,121,615,2019-12-08T01:32:09
0,PL21,C,350,615,2019-12-08T01:32:09
0,PL43,C,98,417,2019-12-08T01:31:56
0,PL59,C,128,669,2019-12-08T01:32:10
0,PL52,C,248,587,2019-12-08T01:32:12
0,PL65,C,89,466,2019-12-08T01:32:09
0,W12M,C,305,459,2019-12-08T01:31:01
0,W12L,C,10,10,2016-06-03T13:30:14
0,W93,C,318,447,2019-12-08T01:30:18
0,PM26,C,165,444,2019-12-08T01:32:51
0,BJ14,C,42,63,2019-12-08T01:27:41
0,BJ15,C,11,38,2019-12-08T01:27:32
0,BJ16,C,119,311,2019-12-08T01:27:47
0,BJ23,C,6,16,2019-12-08T01:27:52
0,BJ44,C,417,1002,2019-12-08T01:27:30
0,BJMP,C,49,60,2019-12-08T01:27:28
0,SG4,C,51,143,2019-12-08T01:33:23
0,Y12,C,214,603,2019-12-08T01:32:40
0,EC7,C,46,127,2019-12-08T01:32:45
0,Y62M,C,103,234,2019-12-08T01:31:05
0,Q68,C,10,53,2019-12-08T01:28:20
1,Q68,Y,0,155,2019-12-08T01:28:20
2,Q68,H,0,0,2019-12-08T01:28:20
0,Q65,C,28,95,2019-12-08T01:28:03
1,Q65,Y,0,0,2019-12-08T01:28:03
2,Q65,H,0,0,2019-12-08T01:28:03
0,SK89,C,282,486,2019-12-08T01:30:57
0,AR1M,C,130,196,2019-12-08T01:32:22
0,A35,C,50,555,2019-12-08T01:33:26
0,A45,C,39,397,2019-12-08T01:33:37
0,A48,C,9,62,2019-12-08T01:33:16
0,A64,C,13,132,2019-12-08T01:33:15
0,TB19,C,45,100,2019-12-08T01:28:41
0,Y5,C,64,206,2019-12-08T01:33:19
0,Q77M,C,326,607,2019-12-08T01:32:42
0,Q80,C,22,31,2019-12-08T01:32:47
0,Q85,C,130,148,2019-12-08T01:32:18
0,W570,C,187,341,2019-12-08T01:31:30
0,TB17,C,52,366,2019-12-08T01:28:51
0,TBM5,C,294,423,2019-12-08T01:28:51
0,TBM6,C,362,400,2019-12-08T01:28:51
0,TBM7,C,454,529,2019-12-08T01:28:52
0,PM23,C,300,379,2019-12-08T01:32:50
0,PR13,C,51,356,2019-12-08T01:32:50
0,SK95,C,127,573,2019-12-08T01:30:56
0,SK90,C,210,508,2019-12-08T01:31:25
0,EC8,C,127,165,2019-12-08T01:32:20
0,Y6,C,90,357,2019-12-08T01:32:28
0,Y58,C,8,40,2019-12-08T01:31:44
0,A87,C,0,124,2019-12-08T01:33:12
0,A41,C,0,308,2019-12-08T01:33:17
0,A42,C,5,166,2019-12-08T01:33:22
0,HG19,C,68,568,2019-12-08T01:32:12
0,HG20,C,79,605,2019-12-08T01:32:29
0,HG23,C,67,500,2019-12-08T01:32:33
0,W82,C,321,450,2019-12-08T01:30:37
0,W95,C,350,464,2019-12-08T01:30:37
0,SB33,C,218,380,2019-12-08T01:33:21
0,Y41,C,145,472,2019-12-08T01:31:14
0,Y41M,C,259,351,2019-12-08T01:31:14
0,J6,C,38,322,2019-12-08T01:32:31
0,J7,C,369,950,2019-12-08T01:32:49
0,W85,C,366,515,2019-12-08T01:30:07
0,SK85,C,141,351,2019-12-08T01:32:47
0,SI10,C,94,294,2019-12-08T01:32:28
0,SI6,C,20,54,2019-12-08T01:32:15
0,SI7,C,179,364,2019-12-08T01:32:16
0,SI8,C,83,118,2019-12-08T01:32:16
0,SI9,C,24,190,2019-12-08T01:32:42
0,T20,C,113,393,2019-12-08T01:32:40
0,T30,C,117,226,2019-12-08T01:32:41
0,T31,C,66,193,2019-12-08T01:32:41
0,T79,C,111,462,2019-12-08T01:32:41
0,T81,C,131,685,2019-12-08T01:32:40
0,TM15,C,298,299,2019-12-08T01:32:43
0,TM16,C,92,284,2019-12-08T01:32:42
0,TM44,C,138,216,2019-12-08T01:32:41
0,Q17,C,26,40,2019-12-08T01:30:37
1,Q17,Y,0,42,2019-12-08T01:30:37
2,Q17,H,0,0,2019-12-08T01:30:37
0,Q16A,C,11,40,2016-10-19T03:42:55
1,Q16A,Y,0,155,2016-10-19T03:42:55
2,Q16A,H,0,0,2016-10-19T03:42:55
0,Q96,C,39,230,2019-12-08T01:30:17
1,Q96,Y,0,180,2019-12-08T01:30:17
2,Q96,H,0,0,2019-12-08T01:30:17
0,HG74,C,52,316,2019-12-08T01:32:24
0,B41,C,2,26,2019-12-08T01:32:57
0,B43,C,50,217,2019-12-08T01:32:52
0,B46,C,39,66,2019-12-08T01:32:40
0,B49,C,60,183,2019-12-08T01:32:53
0,B72,C,80,412,2019-12-08T01:32:38
0,B73,C,0,50,2019-12-08T01:32:33
0,B74,C,365,365,2019-12-08T01:32:33
0,B7B,C,0,21,2019-12-08T01:32:50
0,B83,C,121,212,2019-12-08T01:32:21
0,B85,C,292,559,2019-12-08T01:32:22
0,B94,C,238,438,2019-12-08T01:32:53
0,B94A,C,31,186,2019-12-08T01:32:53
0,B99M,C,103,508,2019-12-08T01:32:21
0,BB,C,18,21,2016-05-13T18:05:48
0,CC1,C,87,87,2017-06-01T14:27:28
0,CC10,C,112,233,2019-12-08T01:32:44
0,CC11,C,151,417,2019-12-08T01:32:39
0,CC4,C,158,387,2019-12-08T01:32:20
0,CC8,C,11,147,2019-12-08T01:32:52
0,CC9,C,45,123,2019-12-08T01:32:44
0,PL10,C,201,560,2019-12-08T01:31:51
0,PL11,C,243,548,2019-12-08T01:31:51
0,PL28,C,146,363,2019-12-08T01:32:14
0,BR4,C,180,321,2019-12-08T01:33:17
0,Q75M,C,275,509,2019-12-08T01:32:23
0,C18A,C,12,23,2019-12-08T01:32:30
0,C16,C,166,280,2019-12-08T01:32:29
0,C18,C,56,124,2019-12-08T01:32:30
0,AR2M,C,357,696,2019-12-08T01:32:20
0,AR7M,C,159,295,2019-12-08T01:32:19
0,W68,C,164,302,2019-12-08T01:31:45
0,BL15,C,311,443,2019-12-08T00:57:49
0,Q16,C,3,19,2019-12-08T01:32:01
1,Q16,Y,0,21,2019-12-08T01:32:01
2,Q16,H,0,0,2019-12-08T01:32:01
0,T26,C,88,293,2019-12-08T01:32:41
0,T27,C,54,136,2019-12-08T01:32:38
0,T28,C,86,228,2019-12-08T01:32:34
0,T29,C,70,256,2019-12-08T01:32:41
0,TM8,C,125,410,2019-12-08T01:32:22
0,PL47,C,59,314,2019-12-08T01:31:59
0,PL49,C,22,256,2019-12-08T01:32:00
0,J19,C,28,137,2019-12-08T01:32:37
0,J24,C,0,34,2019-12-08T01:32:37
0,J25,C,27,30,2019-12-08T01:32:27
0,J26,C,0,31,2019-12-08T01:32:31
0,J64,C,313,330,2019-12-08T01:32:40
0,B19,C,394,860,2019-12-08T01:32:45
0,B44,C,405,1080,2019-12-08T01:32:35
0,SK27,C,260,487,2019-12-08T01:31:29
0,TE13,C,76,143,2019-12-08T01:28:44
0,SK96,C,181,385,2019-12-08T01:27:12
0,AR2L,C,2,4,2019-12-08T01:32:21
0,A10,C,22,62,2019-12-08T01:33:25
0,A8,C,5,51,2019-12-08T01:33:30
0,B95,C,220,359,2019-12-08T01:32:39
0,B96,C,128,242,2019-12-08T01:32:40
0,AV1,C,277,277,2019-12-08T01:32:25
0,H4,C,74,102,2019-12-08T01:32:21
0,H17,C,98,229,2019-12-08T01:32:22
0,H18,C,325,336,2019-12-08T01:32:22
0,Y16,C,70,198,2019-12-08T01:32:03
0,S102,C,364,680,2019-12-08T01:31:22
0,BKE1,C,0,22,2019-12-08T01:33:14
0,BKE9,C,14,38,2019-12-08T01:33:15
0,Y17,C,89,428,2019-12-08T01:33:16
0,JM16,C,136,534,2019-12-08T00:59:26
0,JM17,C,924,954,2019-12-08T00:59:26
0,SK67,C,325,564,2019-12-08T01:30:16
0,PL36,C,67,382,2019-12-08T01:32:09
0,SK65,C,419,565,2019-12-08T01:31:10
0,SK64,C,222,391,2019-12-08T01:32:25
0,CR1,C,64,122,2019-12-08T01:31:50
0,BBB,C,150,186,2019-12-08T01:32:16
0,BM31,C,574,622,2019-12-08T01:33:06
0,CSM,C,222,260,2019-12-08T01:33:06
0,FRM,C,227,264,2019-12-08T01:31:17
0,GE1B,C,34,64,2019-12-08T01:32:29
0,GE1C,C,78,100,2019-12-08T01:32:20
0,GEM,C,220,231,2019-12-08T01:32:19
0,HG15,C,91,124,2019-12-08T01:28:40
0,HG16,C,36,71,2019-12-08T01:28:56
0,HG25,C,382,419,2019-12-08T01:28:33
0,HG37,C,72,249,2019-12-08T01:28:48
0,HG38,C,373,1279,2019-12-08T01:28:36
0,HG45,C,82,435,2019-12-08T01:28:33
0,HG46,C,48,252,2019-12-08T01:28:48
0,HG88,C,375,699,2019-12-08T01:28:30
0,HG9,C,202,246,2019-12-08T01:28:34
0,HG9T,C,140,145,2019-12-08T01:28:39
0,JCM,C,322,372,2019-12-08T01:32:46
0,JCML,C,1,2,2019-12-08T01:32:47
0,K10,C,13,96,2019-12-08T01:32:36
0,KAM,C,152,330,2019-12-08T01:32:39
0,KAML,C,0,4,2019-12-08T01:32:40
0,KAMS,C,20,20,2018-01-25T05:07:01
0,KM1,C,284,424,2019-12-08T01:32:43
0,LUB,C,0,3,2017-04-01T09:28:33
0,MP14,C,60,60,2019-12-08T01:32:28
0,MP15,C,20,23,2019-12-08T01:32:29
0,MP16,C,18,22,2019-12-08T01:32:30
0,MP19,C,510,511,2019-12-08T01:32:30
0,PR3,C,96,367,2019-12-08T01:28:38
0,PR6,C,244,336,2019-12-08T01:28:37
0,PRM,C,511,576,2019-12-08T01:32:45
0,SIM4,C,399,589,2019-12-08T01:28:39
0,T55,C,3,8,2019-12-08T01:28:54
0,TAM1,C,272,418,2019-12-08T01:28:28
0,KE1,C,233,858,2019-12-08T01:32:45
0,EI3,C,82,259,2019-12-08T01:32:23
0,HR1,C,12,78,2019-12-08T01:32:45
0,HR2,C,69,187,2019-12-08T01:32:46
0,HR3,C,109,227,2019-12-08T01:32:46
0,HR4,C,57,103,2019-12-08T01:32:47
0,HR5,C,31,91,2019-12-08T01:32:44
0,B24,C,33,150,2019-12-08T01:32:44
0,B25,C,16,138,2019-12-08T01:32:23
0,B69,C,126,370,2019-12-08T01:32:23
0,T77,C,20,24,2019-12-08T01:32:39
0,TAM2,C,370,533,2019-12-08T01:32:40
0,BJ25,C,30,264,2019-12-08T01:27:40
0,BJ26,C,70,264,2019-12-08T01:27:56
0,BJ62,C,39,68,2019-12-08T01:27:49
0,TWM2,C,364,674,2019-12-08T01:27:56
0,HG87,C,227,1280,2019-12-08T01:32:13
0,HG90,C,111,784,2019-12-08T01:32:31
0,HG91,C,105,787,2019-12-08T01:32:29
0,SD11,C,27,84,2019-12-08T01:32:46
0,BRM,C,189,467,2019-12-08T01:31:23
0,B23T,C,4,4,2018-12-26T13:34:57
0,W94,C,292,359,2019-12-08T01:30:10
0,JM21,C,352,459,2019-12-08T00:59:46
0,JM24,C,674,786,2019-12-08T00:59:46
0,T43,C,38,224,2019-12-08T01:32:34
0,T44,C,71,229,2019-12-08T01:32:34
0,T45,C,99,339,2019-12-08T01:32:35
0,T46,C,55,297,2019-12-08T01:32:35
0,TM19,C,93,100,2019-12-08T01:32:40
0,TM20,C,64,234,2019-12-08T01:32:41
0,BR9,C,30,50,2019-12-08T01:33:04
0,Q73,C,0,25,2019-12-08T01:25:27
1,Q73,Y,0,1000,2019-12-08T01:25:27
2,Q73,H,0,0,2019-12-08T01:25:27
0,Q70,C,5,25,2019-12-08T01:25:37
1,Q70,Y,123,1000,2019-12-08T01:25:37
2,Q70,H,0,0,2019-12-08T01:25:37
0,Q67,C,63,78,2019-12-08T01:25:30
1,Q67,Y,0,1,2019-12-08T01:25:30
2,Q67,H,0,0,2019-12-08T01:25:30
0,J66,C,28,77,2019-12-08T00:57:54
0,J67,C,59,156,2019-12-08T00:57:55
0,J68M,C,241,276,2019-12-08T00:59:54
0,PP6,C,50,111,2019-12-08T01:33:22
0,SIM6,C,26,251,2019-12-08T01:32:28
0,KJ1,C,85,167,2019-12-08T01:33:05
0,KJ2,C,51,100,2019-12-08T01:33:08
0,B26,C,97,225,2019-12-08T01:28:44
0,B27,C,34,260,2019-12-08T01:28:47
0,GMLM,C,1347,1530,2018-06-08T15:03:35
0,GM2,C,41,65,2019-12-08T01:32:39
0,GM3,C,29,56,2019-12-08T01:32:40
0,GM5,C,79,118,2019-12-08T01:32:40
0,GM2A,C,117,146,2019-12-08T01:32:41
0,GM6B,C,182,232,2019-12-08T01:32:42
0,KJM2,C,326,467,2019-12-08T01:32:12
0,HVM,C,286,587,2019-12-08T01:33:04
0,T1,C,74,401,2019-12-08T01:28:42
0,T3,C,74,263,2019-12-08T01:28:40
0,T7,C,64,106,2019-12-08T01:28:48
0,T8,C,131,211,2019-12-08T01:28:44
0,KJ3,C,213,334,2019-12-08T01:31:09
0,KJM1,C,205,265,2019-12-08T01:31:25
0,KJ4,C,86,180,2019-12-08T01:32:11
0,CVBK,C,170,444,2019-12-08T01:32:17
0,BKRM,C,198,278,2019-12-08T01:29:16
0,U52,C,528,952,2019-12-08T01:31:20
0,CK62,C,665,1200,2019-12-08T01:27:42
0,CK63,C,142,866,2019-12-08T01:27:53
0,CK64,C,1019,1284,2019-12-08T01:27:37
0,P8,C,191,379,2019-12-08T01:32:10
0,P9,C,149,382,2019-12-08T01:32:10
0,PL53,C,383,424,2019-12-08T01:32:01
0,RC2,C,60,189,2019-12-08T01:33:12
0,RC3,C,108,267,2019-12-08T01:33:18
0,SK66,C,269,518,2019-12-08T01:32:54
0,BRM1,C,161,335,2019-12-08T01:33:15
0,Y36,C,70,284,2019-12-08T01:31:57
0,CK11,C,154,398,2019-12-08T01:27:28
0,CK35,C,171,345,2019-12-08T01:27:44
0,K19,C,20,96,2019-12-08T01:32:27
0,SK18,C,377,659,2019-12-08T01:31:59
0,J17,C,35,162,2019-12-08T01:32:42
0,J20,C,95,365,2019-12-08T01:32:41
0,HE9,C,38,89,2019-12-08T01:28:42
0,JM20,C,498,923,2019-12-08T00:59:30
0,PM24,C,184,295,2019-12-08T01:31:56
0,PR14,C,5,82,2019-12-08T01:31:56
0,BRM5,C,218,376,2019-12-08T01:33:18
0,BRM6,C,244,467,2019-12-08T01:33:07
0,H6,C,97,212,2019-12-08T01:28:48
0,P7,C,418,896,2019-12-08T01:31:59
0,CK58,C,1623,2637,2019-12-08T01:27:33
0,W11,C,22,303,2019-12-08T01:31:07
0,W11M,C,35,310,2019-12-08T01:31:07
0,BJ13,C,73,362,2019-12-08T01:31:55
0,C11,C,242,359,2019-12-08T01:32:55
0,C29,C,149,189,2019-12-08T01:33:03
0,C30,C,109,211,2019-12-08T01:33:05
0,C31,C,42,145,2019-12-08T01:33:06
0,C33,C,321,805,2019-12-08T01:32:49
0,C34,C,55,147,2019-12-08T01:33:02
0,C35,C,278,647,2019-12-08T01:33:01
0,C36,C,7,86,2019-12-08T01:32:57
0,C37,C,0,423,2019-12-08T01:32:58
0,C38,C,97,265,2019-12-08T01:33:01
0,CKM2,C,172,301,2019-12-08T01:31:52
0,CTM1,C,187,266,2019-12-08T01:33:02
0,JMB2,C,484,666,2019-12-08T01:32:46
0,JMB3,C,257,577,2019-12-08T01:32:59
0,U11,C,6,30,2019-12-08T01:28:05
1,U11,H,0,30,2019-12-08T01:28:05
0,U7,C,84,291,2019-12-08T01:32:24
0,U8,C,35,121,2019-12-08T01:31:34
0,A49,C,26,200,2019-12-08T01:33:14
0,A76,C,230,634,2019-12-08T01:33:14
0,U50,C,26,37,2019-12-08T01:32:24
0,T57,C,4,22,2019-12-08T01:32:22
0,T78,C,76,266,2019-12-08T01:32:30
0,PM43,C,137,346,2019-12-08T01:31:44
0,PM44,C,158,348,2019-12-08T01:31:46
0,T73,C,76,309,2019-12-08T01:32:31
0,BKE4,C,19,43,2019-12-08T01:33:21
0,W69,C,363,492,2019-12-08T01:31:53
0,PL12,C,329,747,2019-12-08T01:31:57
0,PL13,C,372,375,2016-12-25T12:34:06
0,SK46,C,406,646,2019-12-08T01:31:09
0,SK47,C,430,643,2019-12-08T01:28:47
0,JSA1,C,37,63,2019-12-08T01:32:18
0,TJ39,C,99,663,2019-12-08T01:32:24
0,TM6,C,792,809,2019-12-08T01:32:45
0,TM7,C,163,245,2019-12-08T01:32:46
0,AR7L,C,3,4,2019-12-08T01:32:20
0,CK75,C,637,1494,2019-12-08T01:27:41
0,CK76,C,203,755,2019-12-08T01:27:30
0,W70,C,194,298,2019-12-08T01:30:00
0,W74,C,281,381,2019-12-08T01:30:00
0,CK65,C,0,63,2019-12-08T01:21:21
0,SB1,C,259,434,2019-12-08T01:31:47
0,SB6,C,332,516,2019-12-08T01:31:39
0,WD1B,C,0,1000,2018-10-12T16:48:40
0,BB8M,C,720,1000,2019-03-02T03:59:46
0,JB42,C,218,1000,2018-11-02T03:59:39
0,TBM,C,206,307,2019-12-08T01:28:43
0,B81,C,467,622,2019-12-08T01:32:31
0,B92,C,412,757,2019-12-08T01:32:31
0,Y34,C,455,1138,2019-12-08T01:32:13
0,Y34A,C,139,235,2019-12-08T01:32:26
0,B67,C,26,334,2019-12-08T01:32:49
0,T74,C,63,232,2019-12-08T01:32:32
0,TM10,C,57,291,2019-12-08T01:32:32
0,TM9,C,19,20,2019-12-08T01:32:32
0,SE12,C,150,722,2019-12-08T01:32:25
0,CK70,C,646,952,2019-12-08T01:27:55
0,CK71,C,85,371,2019-12-08T01:27:46
0,CK77,C,389,798,2019-12-08T01:27:29
0,SK34,C,202,496,2019-12-08T01:32:00
0,SK35,C,768,1041,2019-12-08T01:32:00
0,B21,C,124,555,2019-12-08T01:32:59
0,W517,C,794,1158,2019-12-08T01:31:28
0,TM33,C,61,378,2019-12-08T01:32:37
0,TM34,C,80,463,2019-12-08T01:32:37
0,B89,C,66,287,2019-12-08T01:32:44
0,Q94,C,0,19,2019-12-08T01:30:17
1,Q94,Y,0,20,2019-12-08T01:30:17
2,Q94,H,0,0,2019-12-08T01:30:17
0,W20,C,375,781,2019-12-08T01:31:04
0,Y40,C,285,745,2019-12-08T01:31:58
0,A100,C,13,67,2019-12-08T01:33:29
0,A73,C,39,414,2019-12-08T01:33:32
0,A74,C,22,190,2019-12-08T01:33:39
0,Q66,C,70,102,2019-12-08T01:30:17
1,Q66,Y,0,0,2019-12-08T01:30:17
2,Q66,H,0,0,2019-12-08T01:30:17
0,BE232,C,499,500,2017-02-06T10:23:27
0,BE241,C,499,500,2017-02-06T10:23:27
0,TM35,C,170,625,2019-12-08T01:32:28
0,BL22,C,201,358,2019-12-08T01:32:34
0,JM32,C,94,410,2019-12-08T01:32:26
0,PL17,C,302,609,2019-12-08T01:32:12
0,PL20,C,294,617,2019-12-08T01:32:13
0,PL22,C,202,379,2019-12-08T01:32:13
0,PL26,C,196,375,2019-12-08T01:32:13
0,BLM,C,0,556,2019-12-08T01:32:17
0,HG71,C,87,685,2019-12-08T01:32:15
0,TM23,C,71,242,2019-12-08T01:32:32
0,TM24,C,93,344,2019-12-08T01:32:32
0,W108,C,55,76,2019-12-08T01:30:03
0,JM2,C,0,300,2019-12-08T01:32:46
0,JM3,C,373,547,2019-12-08T01:32:47
0,JM4,C,299,435,2019-12-08T01:32:17
0,JM11,C,409,573,2019-12-08T01:32:18
0,JM26,C,378,571,2019-12-08T01:32:18
0,JM27,C,407,537,2019-12-08T01:32:19
0,JSR2,C,415,593,2019-12-08T01:32:19
0,SK55,C,582,914,2019-12-08T01:32:07
0,UBM1,C,699,931,2019-12-08T01:31:29
0,KB18,C,0,35,2019-12-08T01:31:40
0,KB20,C,148,223,2019-12-08T01:31:40
0,W578,C,309,436,2019-12-08T01:31:59
0,W579,C,248,399,2019-12-08T01:31:59
0,Y45M,C,210,567,2019-12-08T01:32:30
0,HG42,C,98,786,2019-12-08T01:32:37
0,KE2,C,83,209,2019-12-08T01:32:41
0,KE4,C,67,133,2019-12-08T01:32:41
0,BJ29,C,520,1318,2019-12-08T01:27:34
0,T72,C,216,640,2019-12-08T01:32:37
0,A4,C,61,391,2019-12-08T01:33:36
0,A24,C,129,230,2019-12-08T01:33:37
0,GEML,C,1,3,2019-12-08T01:32:20
0,W509,C,389,583,2019-12-08T01:31:49
0,W516,C,423,574,2019-12-08T01:31:49
0,HG1B,C,305,659,2019-12-08T01:32:36
0,BJ24,C,0,258,2019-12-08T01:27:35
0,BJ27,C,135,305,2019-12-08T01:27:53
0,B11,C,503,1011,2019-12-08T01:32:40
0,W86,C,336,465,2019-12-08T01:30:58
0,W89,C,369,524,2019-12-08T01:30:58
0,BJ66,C,586,868,2019-12-08T01:27:50
0,BJ67,C,601,1000,2019-12-08T01:27:57
0,TB18,C,8,71,2019-12-08T01:28:41
0,TM48,C,122,224,2019-12-08T01:32:35
0,AR1L,C,0,4,2019-12-08T01:32:22
0,PL56,C,82,670,2019-12-08T01:32:06
0,PL60,C,103,558,2019-12-08T01:32:00
0,B50,C,78,581,2019-12-08T01:32:39
0,W71,C,249,377,2019-12-08T01:30:37
0,PL61,C,145,938,2019-12-08T01:32:10
0,PM21,C,265,428,2019-12-08T01:32:32
0,Y43,C,29,496,2019-12-08T01:32:10
0,B54,C,51,145,2019-12-08T01:32:37
0,B91,C,27,51,2019-12-08T01:32:38
0,B57,C,102,426,2019-12-08T01:32:31
0,TJ35,C,0,365,2019-12-08T00:59:33
0,TJ38,C,49,293,2019-12-08T00:59:33
0,BL17,C,270,697,2019-12-08T00:57:49
0,P13,C,81,150,2019-12-08T01:32:02
0,PL66,C,500,534,2019-12-08T01:32:02
0,HG12,C,38,316,2019-12-08T01:32:26
0,HG13,C,13,102,2019-12-08T01:32:20
0,HG14,C,72,504,2019-12-08T01:32:14
0,DWSV,C,115,520,2019-12-08T01:30:44
1,DWSV,Y,0,155,2019-12-08T01:30:44
2,DWSV,H,0,0,2019-12-08T01:30:44
0,T48,C,61,648,2019-12-08T01:32:29
0,TM45,C,46,277,2019-12-08T01:32:29
0,B40,C,91,540,2019-12-08T01:32:28
0,W527,C,240,334,2019-12-08T01:28:13
0,W536,C,209,326,2019-12-08T01:28:13
0,T76,C,55,348,2019-12-08T01:32:34
0,KE3,C,145,1018,2019-12-08T01:32:41
0,W676,C,89,230,2019-12-08T01:32:32
0,PR2,C,95,791,2019-12-08T01:32:09
0,Y25,C,316,608,2019-12-08T01:32:46
0,Y25M,C,34,114,2019-12-08T01:32:47
0,HG34,C,53,477,2019-12-08T01:32:24
0,B79,C,101,1719,2019-12-08T01:32:40
0,HG35,C,44,444,2019-12-08T01:32:11
0,SE37,C,0,85,2019-12-08T01:33:27
0,SE42,C,64,352,2019-12-08T01:33:41
0,SE43,C,0,32,2019-12-08T01:33:26
0,PL54,C,265,497,2019-12-08T01:31:55
0,PL55,C,182,364,2019-12-08T01:31:55
0,PL62,C,173,300,2019-12-08T01:31:56
0,KU2,C,145,477,2019-12-08T01:32:29
0,KU3,C,88,345,2019-12-08T01:32:33
0,KU4,C,0,474,2019-12-08T01:32:33
0,KU1,C,275,586,2019-12-08T01:32:26
0,KU9,C,5,101,2019-12-08T01:32:27
0,BR11,C,108,268,2019-12-08T01:33:15
0,BR12,C,22,57,2019-12-08T01:33:16
0,HG24,C,50,344,2019-12-08T01:32:24
0,HG29,C,24,249,2019-12-08T01:32:13
0,CR6,C,56,85,2019-12-08T01:32:23
0,SB17,C,300,561,2019-12-08T01:32:46
0,SB20,C,139,359,2019-12-08T01:32:44
0,SB25,C,0,524,2019-12-08T01:32:44
0,SB32,C,23,143,2019-12-08T01:32:45
0,KE3M,C,69,255,2019-12-08T01:32:42
0,BL23,C,355,631,2019-12-08T01:32:44
0,TM50,C,81,284,2019-12-08T01:32:35
0,PL57,C,25,521,2019-12-08T01:32:00
0,PL58,C,76,566,2019-12-08T01:31:59
0,SD1,C,36,109,2019-12-08T01:31:18
0,PR10,C,74,709,2019-12-08T01:32:47
0,PM20,C,316,797,2019-12-08T01:30:15
0,P16,C,56,150,2019-12-08T01:31:59
0,T12,C,29,250,2019-12-08T01:32:36
0,T13,C,135,392,2019-12-08T01:32:37
0,CAM,C,124,475,2019-12-08T01:30:18
1,CAM,Y,0,342,2019-12-08T01:30:18
2,CAM,H,4,10,2019-12-08T01:30:18
0,CKM7,C,273,500,2019-12-08T01:27:31
0,CKM8,C,578,1000,2019-12-08T01:27:27
0,HG1C,C,73,612,2019-12-08T01:32:30
0,W56,C,447,537,2019-12-08T01:31:45
0,W889,C,447,567,2019-12-08T01:30:44
0,W56L,C,4,10,2019-12-08T01:31:45
0,W887,C,165,286,2019-12-08T01:29:53
0,MNM,C,234,455,2019-12-08T01:32:29
0,T25,C,27,170,2019-12-08T01:32:34
0,W505,C,266,368,2019-12-08T01:31:30
0,PM15,C,995,1000,2019-12-08T01:32:45
0,A59,C,27,176,2019-12-08T01:33:38
0,BJ21,C,50,183,2019-12-08T01:27:34
0,BJ63,C,1030,1640,2019-12-08T01:27:49
0,PM4,C,798,809,2019-12-08T01:32:39
0,PM5,C,213,325,2019-12-08T01:32:40
0,PM2,C,72,1000,2019-12-08T01:32:38
0,PM9,C,0,220,2019-12-08T01:32:38
0,PRS1,C,0,21,2019-12-08T01:32:39
0,W76,C,319,480,2019-12-08T01:30:59
0,W77,C,274,388,2019-12-08T01:30:59
0,W78,C,199,442,2019-12-08T01:30:59
0,PM22,C,309,355,2019-12-08T01:32:36
0,PR12,C,105,392,2019-12-08T01:32:36
0,DWST,C,0,363,2019-12-08T01:31:11
1,DWST,Y,0,0,2019-12-08T01:31:11
2,DWST,H,0,0,2019-12-08T01:31:11
0,Y51,C,71,483,2019-12-08T01:32:46
0,Y51M,C,306,486,2019-12-08T01:32:46
0,Y53M,C,292,400,2019-12-08T01:32:47
0,Y59M,C,163,248,2019-12-08T01:32:17
0,Y60M,C,323,383,2019-12-08T01:32:18
0,Y61M,C,422,553,2019-12-08T01:32:18
0,T24,C,45,204,2019-12-08T01:32:33
0,A7,C,135,238,2019-12-08T01:32:37
0,A36,C,302,680,2019-12-08T01:32:33
0,A47,C,123,303,2019-12-08T01:32:28
0,PM35,C,166,370,2019-12-08T01:31:00
0,P14,C,294,602,2019-12-08T01:32:03
0,P15,C,49,90,2019-12-08T01:32:05
0,P17,C,27,135,2019-12-08T01:31:39
0,T11,C,25,250,2019-12-08T01:32:24
0,T9,C,37,570,2019-12-08T01:32:23
0,C21L,C,9,10,2019-12-08T01:26:51
1,C21L,Y,5,10,2019-12-08T01:26:51
2,C21L,H,0,1,2019-12-08T01:26:51
0,A51,C,5,40,2019-12-08T01:32:41
0,AM19,C,226,328,2019-12-08T01:32:42
0,W8M,C,132,217,2019-12-08T01:30:50
0,CK14,C,122,371,2019-12-08T01:27:40
0,SMM,C,3,6,2019-12-08T01:31:13
1,SMM,Y,0,0,2019-12-08T01:31:13
2,SMM,H,0,0,2019-12-08T01:31:13
0,W103,C,250,339,2019-12-08T01:29:50
0,W109,C,9,21,2019-12-08T01:29:50
0,W75,C,267,375,2019-12-08T01:30:19
0,W53,C,171,393,2019-12-08T01:31:18
0,W72,C,393,524,2019-12-08T01:29:27
0,W73,C,293,440,2019-12-08T01:29:05
0,T49,C,161,468,2019-12-08T01:32:23
0,T49A,C,65,164,2019-12-08T01:32:23
0,PR4,C,99,1083,2019-12-08T01:32:15
0,TBC2,C,126,264,2019-12-08T01:32:45
0,Y32,C,161,401,2019-12-08T01:34:15
0,Y31,C,119,303,2019-12-08T01:33:04
0,BJ19,C,74,500,2019-12-08T01:27:55
0,CK15,C,47,246,2019-12-08T01:27:41
0,CK6,C,27,40,2019-12-08T01:32:22
0,CK6A,C,290,300,2019-12-08T01:32:23
0,P11,C,42,49,2019-12-08T01:31:39
0,PM46,C,37,234,2019-12-08T01:33:17
0,HG1A,C,74,500,2019-12-08T01:32:36
0,HG36,C,51,294,2019-12-08T01:32:33
0,HG53,C,40,258,2019-12-08T01:32:35
0,HG56,C,7,31,2019-12-08T01:32:20
0,HG80,C,66,437,2019-12-08T01:32:16
0,Y68M,C,264,586,2019-12-08T01:32:54
0,Y68L,C,0,6,2019-12-08T01:32:54
0,W90,C,321,450,2019-12-08T01:30:38
0,W91,C,330,450,2019-12-08T01:30:38
0,DRM1,C,236,448,2019-12-08T01:32:33
0,DRM3,C,3,285,2019-12-08T01:32:34
0,DRM4,C,0,104,2019-12-08T01:32:34
0,DRM5,C,0,84,2019-12-08T01:32:35
0,DRS,C,942,1325,2019-12-08T01:32:32
0,BJ20,C,2,235,2019-12-08T01:32:40
0,BJ68,C,197,253,2019-12-08T01:32:40
0,DRM2,C,55,392,2019-12-08T01:32:33
0,TM51,C,51,330,2019-12-08T01:32:37
0,W67,C,182,246,2019-12-08T01:30:59
0,W717,C,86,114,2019-12-08T01:30:59
0,SI13,C,37,689,2019-12-08T01:32:47
0,Y63M,C,157,356,2019-12-08T01:33:53
0,Y64M,C,204,428,2019-12-08T01:32:47
0,A21,C,308,699,2019-12-08T01:33:24
0,A29,C,47,466,2019-12-08T01:33:36
0,A63,C,84,715,2019-12-08T01:33:32
0,A88,C,0,44,2019-12-08T01:33:24
0,SB10,C,420,558,2019-12-08T01:31:01
0,SB11,C,273,440,2019-12-08T01:31:37
0,SB13,C,878,1259,2019-12-08T01:31:30
0,SB12,C,536,794,2019-12-08T01:31:27
0,W65,C,205,360,2019-12-08T01:30:54
0,W66,C,201,340,2019-12-08T01:31:01
0,T38,C,73,974,2019-12-08T01:32:28
0,T39,C,51,746,2019-12-08T01:32:28
0,TM41,C,46,272,2019-12-08T01:32:28
0,W83,C,305,448,2019-12-08T01:28:07
0,W84,C,303,499,2019-12-08T01:29:38
0,CK18,C,50,98,2019-12-08T01:27:34
0,SE51,C,141,280,2019-12-08T01:32:28
0,HG33,C,74,571,2019-12-08T01:32:16
0,A77,C,23,267,2019-12-08T01:33:23
0,A78,C,355,546,2019-12-08T01:33:24
0,SB7,C,300,421,2019-12-08T01:32:10
0,SB8,C,157,292,2019-12-08T01:31:33
0,SB9,C,376,482,2019-12-08T01:31:04
0,W41,C,80,251,2019-12-08T01:31:46
0,W55,C,240,386,2019-12-08T01:31:46
0,Y29,C,21,26,2019-12-08T01:32:24
0,BE34,C,166,303,2019-12-08T01:32:14
0,BE35,C,34,217,2019-12-08T01:32:15
0,Y65M,C,272,496,2019-12-08T01:32:08
0,Y66M,C,166,407,2019-12-08T01:33:18
0,BJ58,C,415,850,2019-12-08T01:27:39
0,W98,C,1024,1494,2019-12-08T01:30:54
0,W61,C,667,1209,2019-12-08T01:31:43
0,TM47,C,340,650,2019-12-08T01:28:27
0,T7A,C,272,283,2019-12-08T01:28:39
0,B23M,C,362,639,2019-12-08T01:28:38
0,A13,C,77,199,2019-12-08T01:32:13
0,SH1,C,303,607,2019-12-08T01:32:13
0,BJ50,C,292,854,2019-12-08T01:27:56
0,BJ53,C,459,1064,2019-12-08T01:27:37
0,BJ54,C,156,625,2019-12-08T01:27:36
0,H93L,C,101,500,2019-12-08T01:32:37
0,HG93,C,89,549,2019-12-08T01:32:20
0,HG98,C,42,298,2019-12-08T01:32:20
0,BJ61,C,101,470,2019-12-08T01:27:49
0,CKM4,C,383,658,2019-12-08T01:27:38
0,CK74,C,114,855,2019-12-08T01:27:43
0,CK78,C,452,1712,2019-12-08T01:27:46
0,KJML,C,3,5,2019-12-08T01:30:47
0,U11,L,7,30,2018-07-20T11:23:56
0,C29A,C,63,99,2019-12-08T01:33:03
0,CLRG,C,232,487,2019-12-08T01:33:02
0,CLTR,C,510,890,2019-12-08T01:33:01
0,BE18,C,144,560,2019-12-08T01:32:17
0,BE44,C,358,424,2019-12-08T01:32:17
0,SK34,L,0,0,2018-06-06T16:18:33
0,SK35,L,0,0,2018-06-06T16:18:33
0,GM1M,C,841,1530,2019-12-08T01:33:00
0,CK1,C,98,337,2019-12-08T01:27:41
0,GBM,L,0,0,2018-06-11T17:27:05
0,KB1,L,0,0,2018-06-11T17:27:05
0,Y14,C,305,605,2019-12-08T01:32:07
0,SK1,C,284,655,2019-12-08T01:30:44
0,SK8,C,158,660,2019-12-08T01:31:23
0,SK61,C,474,711,2019-12-08T01:30:41
0,BRM7,C,249,360,2019-12-08T01:31:35
0,TPMR,C,232,368,2019-12-08T01:30:38
0,Y1,C,99,170,2019-12-08T01:32:17
0,Y2,C,154,399,2019-12-08T01:32:17
0,Y54M,C,301,434,2019-12-08T01:32:06
0,SB26,L,0,0,2018-07-01T23:10:18
0,SB27,L,0,0,2018-07-01T23:10:18
0,SB28,L,0,0,2018-07-01T23:10:18
0,S28L,L,0,0,2018-07-01T23:10:18
0,PM13,L,0,0,2018-07-01T23:26:42
0,UBM2,C,363,485,2019-12-08T01:31:35
0,BL8L,C,3,6,2019-12-08T01:32:25
0,Y30M,C,238,321,2019-12-08T01:32:15
0,Y48,L,0,0,2018-07-01T23:44:40
0,Y48M,L,0,0,2018-07-01T23:44:40
0,SB18,L,0,0,2018-07-01T23:07:23
0,SB21,L,0,0,2018-07-01T23:07:23
0,Y12,L,0,0,2018-07-01T23:43:53
0,Y6,L,0,0,2018-07-01T23:44:56
0,Y34,L,0,0,2018-07-01T23:45:59
0,Y34A,L,0,0,2018-07-01T23:45:59
0,Y36,L,0,0,2018-07-01T23:44:41
0,Y40,L,0,0,2018-07-01T23:45:07
0,Y43,L,0,0,2018-07-01T23:44:50
0,MPS,L,0,0,2018-07-01T23:46:06
0,Y10,L,0,0,2018-07-01T23:45:47
0,Y11,L,0,0,2018-07-01T23:46:35
0,Y16,L,0,0,2018-07-01T23:41:58
0,Y18,L,0,0,2018-07-01T23:46:55
0,Y19,L,0,0,2018-07-01T23:45:53
0,Y20,L,0,0,2018-07-01T23:43:42
0,Y21,L,0,0,2018-07-01T23:46:12
0,Y21M,L,0,0,2018-07-01T23:46:14
0,Y26,L,0,0,2018-07-01T23:45:50
0,Y27,L,0,0,2018-07-01T23:45:31
0,Y28,L,0,0,2018-07-01T23:46:16
0,Y28M,L,0,0,2018-07-01T23:46:16
0,Y29,L,0,0,2018-07-01T23:44:19
0,Y3,L,0,0,2018-07-01T23:45:15
0,Y33,L,0,0,2018-07-01T23:45:58
0,Y39,L,0,0,2018-07-01T23:46:06
0,Y3M,L,0,0,2018-07-01T23:45:15
0,Y4,L,0,0,2018-07-01T23:46:21
0,Y41,L,0,0,2018-07-01T23:46:15
0,Y41M,L,0,0,2018-07-01T23:46:15
0,Y49,L,0,0,2018-07-01T23:45:28
0,Y49L,L,0,0,2018-07-01T23:45:59
0,Y49M,L,0,0,2018-07-01T23:45:59
0,Y5,L,0,0,2018-07-01T23:46:28
0,Y52M,L,0,0,2018-07-01T23:37:02
0,Y57,L,0,0,2018-07-01T23:44:48
0,Y58,L,0,0,2018-07-01T23:45:27
0,Y62M,L,0,0,2018-07-01T23:40:58
0,Y63M,L,0,0,2018-07-01T23:45:40
0,Y64M,L,0,0,2018-07-01T23:46:06
0,Y65M,L,0,0,2018-07-01T23:45:35
0,Y66M,L,0,0,2018-07-01T23:37:35
0,Y68L,L,0,0,2018-07-01T23:45:39
0,Y68M,L,0,0,2018-07-01T23:45:39
0,Y7,L,0,0,2018-07-01T23:46:41
0,Y9,L,0,0,2018-07-01T23:43:40
0,Y17,L,0,0,2018-07-01T23:47:42
0,Y31,L,0,0,2018-07-01T23:44:45
0,Y32,L,0,0,2018-07-01T23:47:36
0,Y8,L,0,0,2018-07-01T23:46:20
0,PM41,L,0,0,2018-07-01T23:21:52
0,PM38,L,0,0,2018-07-01T23:22:36
0,PM35,L,0,0,2018-07-01T23:23:43
0,PM43,L,0,0,2018-07-01T23:25:58
0,PM44,L,0,0,2018-07-01T23:25:58
0,CV1,L,0,0,2018-07-01T23:25:29
0,CV2,L,0,0,2018-07-01T23:20:43
0,CV3,L,0,0,2018-07-01T23:26:31
0,P40L,L,0,0,2018-07-01T23:26:32
0,PM10,L,0,0,2018-07-01T23:26:04
0,PM11,L,0,0,2018-07-01T23:26:05
0,PM12,L,0,0,2018-07-01T23:22:26
0,PM14,L,0,0,2018-07-01T23:26:40
0,PM16,L,0,0,2018-07-01T23:27:11
0,PM17,L,0,0,2018-07-01T23:25:01
0,PM18,L,0,0,2018-07-01T23:27:15
0,PM19,L,0,0,2018-07-01T23:26:50
0,PM20,L,0,0,2018-07-01T23:26:58
0,PM23,L,0,0,2018-07-01T23:26:50
0,PM24,L,0,0,2018-07-01T23:27:07
0,PM25,L,0,0,2018-07-01T23:26:56
0,PM29,L,0,0,2018-07-01T23:25:59
0,PM3,L,0,0,2018-07-01T23:26:19
0,PM30,L,0,0,2018-07-01T23:20:12
0,PM32,L,0,0,2018-07-01T23:26:54
0,PM33,L,0,0,2018-07-01T23:26:54
0,PM34,L,0,0,2018-07-01T23:26:54
0,PM36,L,0,0,2018-07-01T23:26:20
0,PM37,L,0,0,2018-07-01T23:26:20
0,PM40,L,0,0,2018-07-01T23:26:32
0,PM45,L,0,0,2018-07-01T23:27:11
0,PM6,L,0,0,2018-07-01T23:26:52
0,PM7,L,0,0,2018-07-01T23:27:11
0,PM8,L,0,0,2018-07-01T23:26:57
0,PR1,L,0,0,2018-07-01T23:26:50
0,PR10,L,0,0,2018-07-01T23:26:44
0,PR13,L,0,0,2018-07-01T23:26:50
0,PR14,L,0,0,2018-07-01T23:27:07
0,PR2,L,0,0,2018-07-01T23:27:18
0,PR4,L,0,0,2018-07-01T23:25:36
0,PR7,L,0,0,2018-07-01T23:25:02
0,PR8,L,0,0,2018-07-01T23:26:57
0,PM26,L,0,0,2018-07-01T23:27:48
0,PM46,L,0,0,2018-07-01T23:26:41
0,S19L,L,0,0,2018-07-01T23:10:22
0,S24L,L,0,0,2018-07-01T23:10:22
0,SB1,L,0,0,2018-07-01T23:10:24
0,SB13,L,0,0,2018-07-01T23:09:34
0,SB16,L,0,0,2018-07-01T23:10:11
0,SB19,L,0,0,2018-07-01T23:10:22
0,SB22,L,0,0,2018-07-01T23:10:02
0,SB23,L,0,0,2018-07-01T23:08:23
0,SB24,L,0,0,2018-07-01T23:10:22
0,SB29,L,0,0,2018-07-01T23:10:06
0,SB3,L,0,0,2018-07-01T23:09:56
0,SB34,L,0,0,2018-07-01T23:08:03
0,SB5,L,0,0,2018-07-01T23:10:15
0,SB6,L,0,0,2018-07-01T23:09:59
0,SB8,L,0,0,2018-07-01T23:10:45
0,SB9,L,0,0,2018-07-01T23:09:23
0,SB30,L,0,0,2018-07-01T23:15:17
0,SB31,L,0,0,2018-07-01T23:15:17
0,SB33,L,0,0,2018-07-01T23:16:57
0,SB11,L,0,0,2018-07-01T23:07:08
0,S15L,L,0,0,2018-07-01T23:10:46
0,SB12,L,0,0,2018-07-01T23:09:52
0,SB15,L,0,0,2018-07-01T23:10:46
0,SB4,L,0,0,2018-07-01T23:08:11
0,SB7,L,0,0,2018-07-01T23:10:52
0,SB2,L,0,0,2018-07-01T23:12:37
0,Y13,L,0,0,2018-07-01T23:50:25
0,SB10,L,0,0,2018-07-01T23:11:16
0,Y14,L,0,0,2018-07-02T00:02:00
0,Y15,L,0,0,2018-07-01T23:51:20
0,TPMQ,C,386,655,2019-12-08T01:30:26
0,SK82,C,14,67,2019-12-08T01:31:58
0,SK84,C,279,608,2019-12-08T01:31:58
0,S103,C,163,361,2019-12-08T01:32:12
0,SK76,C,157,322,2019-12-08T01:32:01
0,SK79,C,52,248,2019-12-08T01:32:01
0,BL8,L,0,0,2018-06-29T13:58:58
0,BL8L,L,0,0,2018-06-29T13:58:58
0,KAS,C,25,26,2019-12-08T01:32:39
0,SLS,C,31,79,2019-12-08T01:32:40
0,MNM,L,0,0,2018-06-30T16:32:40
0,SK82,L,0,0,2018-07-01T09:11:07
0,SK84,L,0,0,2018-07-01T09:11:08
0,U60,C,270,558,2019-12-08T01:31:34
0,U58,C,473,850,2019-12-08T01:31:55
0,TW4,C,47,270,2019-12-08T01:27:33
0,BE19,C,323,380,2019-12-08T01:32:05
0,BE22,C,4,8,2019-12-08T01:32:05
0,PL71,C,321,730,2019-12-08T01:28:40
0,S107,C,178,402,2019-12-08T01:28:31
0,U55,C,164,350,2019-12-08T01:32:20
0,W96,C,515,756,2019-12-08T01:30:54
0,W25,C,119,450,2019-12-08T01:31:21
0,Y45,C,42,200,2019-12-08T01:32:39
0,Y46,C,156,556,2019-12-08T01:32:39
0,J47,C,16,34,2019-12-08T01:30:50
0,AM43,C,254,465,2019-12-08T01:32:09
0,BJ4,C,376,752,2019-12-08T01:27:53
0,BJ8,C,159,957,2019-12-08T01:27:33
0,CK66,C,44,164,2019-12-08T01:27:32
0,J35,C,84,185,2019-12-08T01:30:24
0,CKM5,C,2378,2754,2019-12-08T01:27:47
0,CKM6,C,522,935,2019-12-08T01:27:48
0,GM6A,C,115,167,2019-12-08T01:32:41
0,SB41,C,278,464,2019-12-08T01:32:16
0,W785,C,303,492,2019-12-08T01:32:10
0,CK72,C,180,680,2019-12-08T01:27:33
0,U56,C,483,1004,2019-12-08T01:31:51
0,S109,C,313,467,2019-12-08T01:28:54
0,S110,C,198,303,2019-12-08T01:28:45
0,BTM3,C,154,360,2019-12-08T01:32:51
0,U57,C,533,1070,2019-12-08T01:32:07
0,CKM3,C,10284,10896,2019-12-08T01:27:50
0,W783,C,231,390,2019-12-08T01:30:32
0,TGM4,C,199,388,2019-12-08T01:33:03
0,Y69M,C,197,350,2019-12-08T01:32:11
0,Y70M,C,640,1248,2019-12-08T01:32:30
0,Y71M,C,232,423,2019-12-08T01:32:02
0,SE9,C,248,470,2019-12-08T01:32:22
0,BJ60,C,482,920,2019-12-08T01:27:28
0,C15M,C,195,289,2019-12-08T01:32:58
0,HG3B,C,301,424,2019-12-08T01:28:53
0,HG3D,C,148,263,2019-12-08T01:28:40
0,CK9A,C,166,375,2019-12-08T01:27:34
0,SGTM,C,236,429,2019-12-08T01:32:06
0,TPL,C,0,18,2019-12-08T01:32:44
0,J5,C,127,192,2019-12-08T01:31:48
0,S108,C,415,889,2019-12-08T01:31:38
0,SK98,C,240,815,2019-12-08T01:31:30
0,S106,C,293,474,2019-12-08T01:29:28
0,BJ57,C,0,20,2019-12-08T01:27:48
0,S104,C,134,333,2019-12-08T01:31:44
0,S105,C,184,361,2019-12-08T01:32:13
0,SK99,C,225,699,2019-12-08T01:32:24
0,BM10,C,355,510,2019-12-08T01:33:00
0,BM13,C,0,117,2019-12-08T01:32:59
0,PL75,C,273,538,2019-12-08T01:28:40
0,PL78,C,157,483,2019-12-08T01:28:29
0,PL77,C,161,362,2019-12-08T01:28:28
0,TJ41,C,204,316,2019-12-08T01:30:57
0,J49M,C,297,423,2019-12-08T01:31:05
0,TJ42,C,92,132,2019-12-08T01:31:02
0,CK73,C,252,501,2019-12-08T01:30:24
0,U64,C,203,382,2019-12-08T01:31:27
0,W691,C,190,333,2019-12-08T01:32:11
0,W693,C,95,322,2019-12-08T01:32:27
0,W694,C,212,313,2019-12-08T01:32:27
0,SB37,C,445,719,2019-12-08T01:32:24
0,SB39,C,168,273,2019-12-08T01:32:12
0,SB36,C,143,279,2019-12-08T01:32:30
0,SB38,C,402,666,2019-12-08T01:32:13
0,SB40,C,183,263,2019-12-08T01:32:13
0,Y77L,C,0,2,2019-12-08T01:32:23
0,Y77M,C,268,423,2019-12-08T01:32:22
0,Y78M,C,108,216,2019-12-08T01:32:22
0,A33,C,0,1,2019-12-08T01:32:23
0,AM64,C,384,552,2019-12-08T01:32:16
0,S100,C,460,1063,2019-12-08T01:32:31
0,PL70,C,121,378,2019-12-08T01:28:40
0,HG2A,C,138,400,2019-12-08T01:28:35
0,HG2C,C,280,471,2019-12-08T01:28:52
0,HRM,C,516,751,2019-12-08T01:33:06
0,MM6,C,282,398,2019-12-08T01:30:12
0,TM52,C,135,446,2019-12-08T01:28:42
0,HG2D,C,3,32,2019-12-08T01:28:39
0,J44,C,238,350,2019-12-08T01:31:51
0,U66,C,292,452,2019-12-08T01:31:50
0,U65,C,180,391,2019-12-08T01:31:50
0,W182,C,272,425,2019-12-08T01:31:09
0,W185,C,327,540,2019-12-08T01:31:09
0,Y73M,C,429,762,2019-12-08T01:32:03
0,Y74M,C,246,379,2019-12-08T01:32:04
0,Y75M,C,327,379,2019-03-08T15:56:34
0,Y76M,C,186,421,2019-12-08T01:32:03
0,SB42,C,275,395,2019-12-08T01:32:28
0,S36L,C,3,3,2019-12-08T01:32:31
0,S38L,C,3,8,2019-12-08T01:32:14
0,S40L,C,4,4,2019-12-08T01:32:13
0,N0012,C,0,85,2019-03-25T16:41:32
0,U63,C,25,70,2019-12-08T01:32:25
0,B44B,C,62,98,2019-12-08T01:28:33
0,C28M,C,210,305,2019-12-08T01:32:41
0,TWM4,C,42,100,2019-12-08T01:31:27
0,U54,C,63,235,2019-12-08T01:32:58
0,J8M,C,1,4,2019-12-08T01:31:45
0,Y35,C,6,402,2019-12-08T01:33:56
0,W100,C,161,279,2019-12-08T01:33:36
0,W546,C,193,637,2019-12-08T01:33:49
0,BA1,C,208,278,2019-12-08T01:30:30
0,U68,C,154,258,2019-12-08T01:30:38
0,SB35,C,322,549,2019-12-08T01:32:12
0,J29,C,152,467,2019-12-08T01:32:13
0,J74M,C,7,72,2019-12-08T01:33:03
0,NT3,C,625,768,2019-12-08T01:28:48
0,TM53,C,221,333,2019-12-08T01:28:45
0,T47,C,56,540,2019-12-08T01:28:45
0,T47A,C,105,171,2019-12-08T01:28:46
0,TBL,C,999,1000,2019-12-08T01:33:02
0,TBM8,C,510,960,2019-12-08T01:33:01
0,C3ML,Y,0,10,2019-12-08T01:33:00
1,C3ML,H,0,1,2019-12-08T01:33:00
2,C3ML,C,8,10,2019-12-08T01:33:00
0,BA2,C,361,363,2019-12-08T01:30:19
0,K52,C,70,102,2019-12-08T01:30:39
0,W574,C,284,488,2019-12-08T01:32:09
0,SE52,C,7,21,2019-12-08T01:32:30
0,S111,C,727,964,2019-12-08T01:33:53
0,SK52,C,114,770,2019-12-08T01:33:44
0,TM46,C,342,758,2019-12-08T01:28:41
0,NT1,C,320,460,2019-12-08T01:28:30
0,NT2,C,358,590,2019-12-08T01:28:41
0,NTL,C,0,27,2019-12-08T01:28:50
0,JS3L,C,794,1200,2019-12-08T01:33:06
0,SB44,C,470,505,2019-12-08T01:33:38
0,NT4,C,442,515,2019-12-08T01:28:29
0,DWVT,C,308,318,2019-12-08T01:33:02
0,SE5L,C,10,49,2019-12-08T01:29:17
0,AR5M,Y,28,128,2019-12-08T01:32:58
0,HG18,C,21,226,2019-12-08T01:28:30
0,P12,C,87,124,2019-12-08T01:33:00
0,BA3,C,100,100,2019-12-08T01:29:23
0,SK97,C,0,44,2019-12-08T01:28:45
0,S113,C,382,414,2019-12-08T01:28:36
0,S13L,C,0,13,2019-12-08T01:28:36
0,S14L,C,1,6,2019-12-08T01:28:28
0,B10M,C,390,400,2019-12-08T01:28:32
0,PDQ5,C,319,350,2019-12-08T01:31:35
0,SAM,C,250,250,2019-12-08T01:31:44
0,PD8W,C,372,420,2019-12-08T01:31:53
0,PDC4,C,170,178,2019-12-08T01:31:54
0,PDJ3,C,0,212,2019-12-08T01:31:48
0,PDJ7,C,100,100,2019-12-02T16:22:34
0,PDP4,C,52,167,2019-12-08T01:31:50
0,PDW5,C,369,500,2019-12-08T01:31:57
0,PDW8,C,291,390,2019-12-08T01:31:39
0,K2T,Y,8,8,2019-12-08T01:26:47
1,K2T,H,50,50,2019-12-08T01:26:47
