,Dance,Folk,Country,Classical music,Musical,Pop,Rock,"Hiphop, Rap","Reggae, Ska","Swing, Jazz",Rock n roll,Alternative,Latino,"Techno, Trance",Entertainment spending,Clusters
0,2.0,1.0,2.0,2.0,1.0,5.0,5.0,1.0,1.0,1.0,3.0,1.0,1.0,1.0,3.0,1
1,2.0,1.0,1.0,1.0,2.0,3.0,5.0,1.0,3.0,1.0,4.0,4.0,2.0,1.0,4.0,2
2,2.0,2.0,3.0,4.0,5.0,3.0,5.0,1.0,4.0,3.0,5.0,5.0,5.0,1.0,4.0,4
3,2.0,1.0,1.0,1.0,1.0,2.0,2.0,2.0,2.0,1.0,2.0,5.0,1.0,2.0,3.0,1
4,4.0,3.0,2.0,4.0,3.0,5.0,3.0,5.0,3.0,2.0,1.0,2.0,4.0,2.0,3.0,0
5,2.0,3.0,2.0,3.0,3.0,2.0,5.0,4.0,3.0,4.0,4.0,5.0,3.0,1.0,3.0,4
6,5.0,3.0,1.0,2.0,2.0,5.0,3.0,3.0,1.0,1.0,2.0,3.0,3.0,5.0,3.0,3
7,3.0,2.0,1.0,2.0,2.0,4.0,5.0,3.0,2.0,2.0,3.0,1.0,2.0,3.0,4.0,3
9,2.0,5.0,2.0,2.0,5.0,3.0,5.0,2.0,4.0,4.0,4.0,4.0,5.0,1.0,2.0,0
10,3.0,2.0,1.0,2.0,3.0,4.0,3.0,3.0,2.0,2.0,3.0,3.0,3.0,4.0,3.0,3
11,1.0,1.0,1.0,4.0,1.0,2.0,5.0,1.0,1.0,2.0,2.0,5.0,2.0,1.0,3.0,2
12,1.0,2.0,1.0,4.0,3.0,3.0,5.0,3.0,1.0,1.0,4.0,3.0,2.0,1.0,2.0,1
13,5.0,3.0,2.0,1.0,5.0,5.0,2.0,2.0,1.0,3.0,2.0,1.0,3.0,1.0,3.0,5
14,2.0,1.0,1.0,2.0,3.0,4.0,5.0,3.0,4.0,4.0,4.0,4.0,1.0,1.0,5.0,0
15,2.0,2.0,3.0,4.0,3.0,3.0,5.0,2.0,4.0,2.0,3.0,3.0,2.0,1.0,3.0,0
16,3.0,1.0,1.0,1.0,2.0,4.0,4.0,2.0,3.0,2.0,3.0,1.0,1.0,4.0,3.0,3
18,5.0,4.0,3.0,4.0,5.0,5.0,4.0,4.0,4.0,4.0,4.0,4.0,4.0,4.0,4.0,4
19,3.0,3.0,2.0,4.0,2.0,2.0,4.0,1.0,4.0,5.0,4.0,3.0,4.0,3.0,4.0,4
20,3.0,2.0,3.0,4.0,3.0,2.0,5.0,4.0,3.0,5.0,4.0,5.0,3.0,3.0,2.0,4
21,1.0,1.0,3.0,2.0,2.0,2.0,5.0,1.0,2.0,1.0,4.0,3.0,2.0,1.0,1.0,1
23,4.0,2.0,2.0,2.0,4.0,4.0,5.0,3.0,3.0,3.0,3.0,1.0,4.0,1.0,3.0,0
24,3.0,1.0,1.0,4.0,3.0,3.0,5.0,1.0,1.0,1.0,2.0,3.0,2.0,3.0,4.0,3
25,4.0,2.0,1.0,2.0,3.0,5.0,1.0,3.0,1.0,2.0,1.0,1.0,4.0,2.0,3.0,5
26,5.0,5.0,4.0,5.0,3.0,4.0,4.0,2.0,1.0,3.0,5.0,3.0,5.0,2.0,4.0,4
27,3.0,4.0,1.0,3.0,2.0,2.0,4.0,2.0,4.0,2.0,3.0,4.0,3.0,4.0,3.0,4
28,5.0,1.0,1.0,1.0,1.0,3.0,4.0,5.0,2.0,1.0,4.0,3.0,2.0,3.0,3.0,3
29,3.0,4.0,2.0,3.0,3.0,3.0,4.0,3.0,4.0,3.0,4.0,3.0,4.0,3.0,4.0,0
30,4.0,3.0,3.0,3.0,3.0,4.0,4.0,4.0,3.0,4.0,3.0,3.0,3.0,3.0,4.0,4
31,4.0,1.0,3.0,2.0,3.0,5.0,3.0,3.0,3.0,2.0,1.0,1.0,5.0,1.0,2.0,5
32,3.0,1.0,3.0,2.0,3.0,3.0,4.0,4.0,2.0,2.0,4.0,4.0,2.0,3.0,4.0,4
33,2.0,2.0,3.0,4.0,5.0,4.0,3.0,1.0,3.0,4.0,4.0,3.0,2.0,1.0,1.0,2
34,3.0,2.0,1.0,3.0,4.0,4.0,5.0,2.0,3.0,3.0,4.0,4.0,2.0,1.0,3.0,2
35,3.0,3.0,1.0,4.0,5.0,5.0,3.0,4.0,3.0,1.0,3.0,3.0,5.0,1.0,5.0,0
36,1.0,3.0,2.0,3.0,4.0,4.0,4.0,1.0,1.0,1.0,1.0,1.0,1.0,1.0,4.0,1
37,1.0,1.0,1.0,5.0,1.0,2.0,3.0,1.0,2.0,2.0,2.0,1.0,1.0,1.0,4.0,1
38,5.0,3.0,1.0,5.0,2.0,5.0,4.0,4.0,5.0,2.0,2.0,1.0,3.0,4.0,1.0,0
39,3.0,3.0,2.0,2.0,3.0,5.0,5.0,1.0,2.0,1.0,5.0,2.0,1.0,2.0,1.0,1
40,4.0,1.0,1.0,1.0,1.0,5.0,1.0,3.0,2.0,1.0,1.0,1.0,2.0,3.0,1.0,5
41,5.0,5.0,5.0,5.0,1.0,1.0,4.0,5.0,5.0,5.0,5.0,5.0,5.0,5.0,1.0,4
42,2.0,2.0,2.0,3.0,4.0,5.0,5.0,3.0,3.0,3.0,3.0,4.0,3.0,3.0,2.0,0
43,3.0,1.0,1.0,2.0,2.0,5.0,4.0,3.0,2.0,2.0,2.0,4.0,3.0,3.0,5.0,3
44,4.0,2.0,1.0,3.0,3.0,4.0,4.0,3.0,1.0,3.0,3.0,4.0,5.0,4.0,3.0,0
45,5.0,2.0,2.0,4.0,3.0,5.0,4.0,3.0,3.0,3.0,5.0,1.0,4.0,3.0,4.0,0
46,4.0,3.0,4.0,1.0,5.0,5.0,5.0,5.0,2.0,3.0,5.0,4.0,5.0,2.0,3.0,0
48,3.0,1.0,1.0,1.0,4.0,3.0,2.0,5.0,5.0,2.0,2.0,2.0,4.0,2.0,3.0,5
49,2.0,1.0,2.0,2.0,2.0,3.0,5.0,3.0,2.0,2.0,4.0,2.0,1.0,2.0,3.0,1
50,2.0,4.0,2.0,5.0,5.0,5.0,5.0,4.0,4.0,3.0,4.0,4.0,5.0,1.0,2.0,4
51,3.0,3.0,1.0,4.0,3.0,5.0,4.0,2.0,4.0,4.0,4.0,3.0,5.0,3.0,2.0,4
52,5.0,5.0,5.0,5.0,5.0,5.0,5.0,5.0,5.0,5.0,5.0,2.0,5.0,2.0,1.0,4
53,4.0,4.0,3.0,4.0,5.0,4.0,3.0,3.0,3.0,3.0,3.0,3.0,5.0,2.0,3.0,4
54,5.0,5.0,3.0,5.0,5.0,5.0,5.0,3.0,3.0,4.0,4.0,3.0,5.0,4.0,2.0,4
55,4.0,2.0,2.0,4.0,3.0,4.0,3.0,4.0,3.0,3.0,4.0,4.0,4.0,5.0,3.0,0
56,1.0,2.0,3.0,4.0,3.0,4.0,5.0,2.0,3.0,4.0,5.0,5.0,1.0,1.0,5.0,2
57,3.0,3.0,2.0,3.0,2.0,2.0,5.0,2.0,2.0,4.0,5.0,5.0,1.0,1.0,5.0,2
58,5.0,3.0,2.0,3.0,2.0,5.0,1.0,2.0,2.0,1.0,2.0,2.0,3.0,3.0,4.0,3
59,2.0,1.0,2.0,3.0,1.0,3.0,4.0,3.0,3.0,4.0,5.0,5.0,1.0,4.0,3.0,4
60,2.0,2.0,2.0,4.0,4.0,4.0,4.0,2.0,3.0,3.0,4.0,4.0,2.0,1.0,3.0,2
61,5.0,1.0,2.0,4.0,3.0,4.0,4.0,3.0,2.0,3.0,3.0,3.0,4.0,4.0,4.0,0
62,5.0,4.0,5.0,4.0,4.0,5.0,4.0,5.0,4.0,5.0,5.0,5.0,4.0,5.0,3.0,4
64,3.0,1.0,1.0,1.0,4.0,4.0,5.0,2.0,1.0,2.0,2.0,1.0,3.0,2.0,5.0,0
65,3.0,1.0,2.0,2.0,1.0,3.0,3.0,4.0,2.0,2.0,2.0,1.0,2.0,4.0,5.0,3
66,4.0,2.0,2.0,2.0,4.0,5.0,3.0,3.0,3.0,3.0,2.0,2.0,4.0,5.0,2.0,0
67,4.0,3.0,2.0,2.0,4.0,5.0,1.0,4.0,3.0,4.0,4.0,1.0,5.0,1.0,3.0,5
68,3.0,2.0,1.0,2.0,4.0,3.0,5.0,1.0,5.0,4.0,4.0,3.0,2.0,4.0,4.0,0
69,1.0,1.0,1.0,1.0,4.0,5.0,4.0,1.0,1.0,1.0,2.0,1.0,4.0,1.0,3.0,5
70,5.0,2.0,2.0,2.0,3.0,5.0,3.0,5.0,2.0,3.0,1.0,1.0,2.0,3.0,3.0,3
71,2.0,3.0,1.0,4.0,1.0,4.0,1.0,4.0,4.0,1.0,2.0,3.0,1.0,3.0,2.0,3
72,2.0,2.0,2.0,2.0,5.0,5.0,5.0,4.0,2.0,2.0,3.0,3.0,5.0,1.0,2.0,0
73,3.0,2.0,2.0,2.0,1.0,5.0,2.0,5.0,2.0,2.0,2.0,2.0,4.0,3.0,4.0,3
74,2.0,1.0,4.0,5.0,3.0,2.0,1.0,5.0,4.0,1.0,1.0,1.0,1.0,2.0,1.0,3
75,3.0,4.0,4.0,3.0,1.0,1.0,5.0,3.0,5.0,4.0,5.0,4.0,4.0,1.0,4.0,4
77,5.0,1.0,2.0,2.0,2.0,5.0,4.0,4.0,2.0,2.0,2.0,2.0,5.0,5.0,4.0,0
78,4.0,2.0,4.0,1.0,5.0,5.0,3.0,4.0,5.0,5.0,5.0,3.0,5.0,4.0,2.0,0
79,4.0,4.0,4.0,3.0,4.0,5.0,5.0,5.0,3.0,3.0,3.0,3.0,4.0,4.0,2.0,0
80,4.0,2.0,2.0,2.0,3.0,4.0,5.0,4.0,4.0,3.0,4.0,2.0,5.0,3.0,2.0,0
81,4.0,1.0,2.0,3.0,3.0,5.0,4.0,4.0,4.0,3.0,4.0,3.0,5.0,3.0,3.0,0
82,1.0,3.0,1.0,3.0,2.0,1.0,5.0,1.0,1.0,2.0,2.0,5.0,1.0,1.0,2.0,2
83,5.0,1.0,2.0,4.0,4.0,5.0,5.0,3.0,2.0,4.0,3.0,1.0,5.0,5.0,3.0,0
84,1.0,1.0,4.0,5.0,5.0,1.0,5.0,4.0,4.0,5.0,5.0,4.0,3.0,1.0,4.0,4
85,3.0,3.0,5.0,5.0,3.0,3.0,4.0,1.0,1.0,2.0,3.0,3.0,2.0,4.0,4.0,0
86,4.0,3.0,3.0,3.0,2.0,4.0,5.0,4.0,3.0,3.0,3.0,3.0,2.0,3.0,2.0,3
87,4.0,1.0,2.0,2.0,4.0,4.0,5.0,3.0,5.0,3.0,4.0,4.0,5.0,2.0,4.0,0
88,5.0,1.0,1.0,5.0,2.0,5.0,5.0,1.0,1.0,5.0,5.0,4.0,5.0,5.0,3.0,0
89,3.0,2.0,1.0,4.0,3.0,3.0,5.0,1.0,2.0,4.0,4.0,4.0,2.0,1.0,2.0,2
90,3.0,2.0,1.0,3.0,4.0,3.0,4.0,1.0,3.0,1.0,2.0,3.0,1.0,1.0,5.0,1
92,1.0,3.0,4.0,4.0,4.0,2.0,3.0,1.0,3.0,5.0,4.0,3.0,3.0,1.0,2.0,2
93,1.0,5.0,5.0,4.0,4.0,4.0,3.0,1.0,1.0,5.0,4.0,1.0,1.0,1.0,4.0,1
94,5.0,1.0,1.0,1.0,2.0,4.0,3.0,5.0,2.0,1.0,3.0,3.0,1.0,4.0,2.0,3
95,3.0,2.0,2.0,4.0,3.0,3.0,3.0,5.0,5.0,4.0,4.0,2.0,3.0,2.0,5.0,0
96,1.0,1.0,1.0,1.0,1.0,2.0,4.0,3.0,1.0,1.0,1.0,4.0,1.0,4.0,5.0,3
97,2.0,1.0,1.0,1.0,1.0,2.0,1.0,5.0,2.0,2.0,1.0,1.0,1.0,2.0,5.0,3
98,5.0,1.0,1.0,1.0,1.0,3.0,5.0,1.0,3.0,2.0,2.0,5.0,5.0,3.0,3.0,0
99,4.0,1.0,1.0,2.0,2.0,4.0,2.0,2.0,4.0,1.0,2.0,1.0,4.0,1.0,2.0,5
100,4.0,3.0,2.0,4.0,5.0,4.0,5.0,4.0,4.0,3.0,3.0,2.0,3.0,2.0,2.0,4
101,1.0,3.0,2.0,3.0,1.0,2.0,4.0,1.0,4.0,3.0,3.0,3.0,1.0,1.0,4.0,2
102,1.0,2.0,3.0,5.0,4.0,1.0,5.0,1.0,4.0,5.0,5.0,5.0,2.0,1.0,3.0,2
104,3.0,3.0,2.0,4.0,2.0,2.0,4.0,3.0,3.0,4.0,4.0,4.0,3.0,3.0,4.0,4
105,1.0,3.0,1.0,3.0,2.0,2.0,4.0,1.0,2.0,3.0,1.0,1.0,1.0,1.0,1.0,1
106,4.0,4.0,5.0,5.0,3.0,4.0,5.0,4.0,4.0,4.0,5.0,3.0,5.0,3.0,3.0,4
108,2.0,2.0,1.0,4.0,1.0,2.0,4.0,2.0,1.0,1.0,2.0,3.0,2.0,2.0,2.0,1
109,2.0,2.0,4.0,4.0,2.0,3.0,5.0,2.0,2.0,2.0,3.0,1.0,3.0,1.0,4.0,1
110,4.0,5.0,2.0,3.0,1.0,4.0,4.0,1.0,4.0,5.0,4.0,4.0,4.0,4.0,3.0,4
111,4.0,3.0,2.0,5.0,3.0,3.0,4.0,3.0,3.0,4.0,4.0,5.0,2.0,4.0,2.0,4
112,4.0,2.0,2.0,4.0,3.0,3.0,3.0,1.0,3.0,4.0,2.0,3.0,5.0,4.0,2.0,5
114,2.0,1.0,1.0,3.0,4.0,4.0,4.0,2.0,2.0,2.0,3.0,3.0,1.0,1.0,3.0,1
115,5.0,2.0,2.0,5.0,4.0,5.0,5.0,3.0,3.0,3.0,2.0,3.0,5.0,3.0,4.0,0
116,2.0,2.0,2.0,2.0,1.0,3.0,5.0,1.0,1.0,2.0,4.0,5.0,2.0,1.0,1.0,1
117,2.0,2.0,1.0,1.0,3.0,5.0,3.0,1.0,1.0,1.0,2.0,1.0,4.0,1.0,1.0,5
118,1.0,2.0,2.0,4.0,1.0,3.0,4.0,2.0,4.0,4.0,4.0,4.0,2.0,1.0,2.0,2
119,4.0,2.0,1.0,3.0,2.0,4.0,2.0,2.0,2.0,2.0,2.0,1.0,2.0,3.0,4.0,3
120,4.0,1.0,2.0,4.0,4.0,2.0,5.0,1.0,3.0,5.0,5.0,3.0,4.0,3.0,3.0,0
121,2.0,3.0,4.0,2.0,1.0,4.0,4.0,4.0,2.0,2.0,4.0,1.0,1.0,3.0,5.0,3
122,3.0,2.0,2.0,5.0,3.0,1.0,5.0,1.0,3.0,4.0,4.0,5.0,3.0,1.0,3.0,2
123,3.0,3.0,3.0,3.0,4.0,3.0,5.0,3.0,1.0,5.0,5.0,3.0,3.0,1.0,3.0,2
125,3.0,3.0,2.0,3.0,2.0,2.0,4.0,2.0,4.0,5.0,3.0,4.0,3.0,2.0,4.0,4
126,4.0,1.0,1.0,3.0,1.0,4.0,4.0,4.0,1.0,1.0,1.0,2.0,1.0,1.0,1.0,5
127,3.0,3.0,4.0,4.0,3.0,4.0,4.0,3.0,4.0,3.0,4.0,4.0,2.0,3.0,5.0,4
128,5.0,1.0,5.0,5.0,5.0,5.0,5.0,2.0,3.0,1.0,5.0,5.0,5.0,5.0,5.0,0
129,5.0,3.0,1.0,2.0,2.0,4.0,5.0,2.0,3.0,4.0,3.0,4.0,3.0,1.0,3.0,0
130,2.0,1.0,1.0,4.0,2.0,2.0,5.0,1.0,2.0,2.0,3.0,1.0,3.0,3.0,5.0,3
131,3.0,1.0,1.0,2.0,2.0,4.0,2.0,5.0,2.0,1.0,1.0,1.0,1.0,3.0,3.0,3
132,3.0,1.0,1.0,1.0,1.0,4.0,4.0,2.0,4.0,3.0,2.0,2.0,2.0,1.0,1.0,5
133,2.0,4.0,1.0,4.0,2.0,1.0,3.0,1.0,2.0,5.0,1.0,1.0,3.0,1.0,2.0,1
134,4.0,3.0,3.0,3.0,3.0,3.0,3.0,4.0,4.0,4.0,4.0,4.0,4.0,4.0,5.0,0
135,2.0,1.0,3.0,5.0,1.0,3.0,5.0,3.0,5.0,4.0,4.0,5.0,1.0,1.0,3.0,2
136,4.0,3.0,2.0,3.0,2.0,4.0,3.0,5.0,1.0,1.0,1.0,1.0,1.0,1.0,3.0,5
137,4.0,3.0,3.0,5.0,5.0,5.0,4.0,4.0,3.0,5.0,4.0,3.0,4.0,2.0,2.0,4
138,2.0,3.0,3.0,4.0,5.0,2.0,1.0,3.0,3.0,4.0,4.0,2.0,3.0,1.0,1.0,1
139,5.0,3.0,2.0,3.0,3.0,5.0,4.0,5.0,3.0,4.0,4.0,1.0,2.0,3.0,3.0,0
140,3.0,2.0,1.0,2.0,3.0,4.0,4.0,2.0,2.0,5.0,3.0,2.0,4.0,3.0,1.0,0
141,1.0,3.0,1.0,3.0,1.0,3.0,5.0,4.0,3.0,1.0,1.0,5.0,5.0,2.0,5.0,0
142,4.0,1.0,3.0,2.0,2.0,4.0,4.0,3.0,2.0,1.0,1.0,2.0,3.0,2.0,4.0,3
143,4.0,2.0,1.0,1.0,2.0,4.0,4.0,5.0,4.0,1.0,1.0,3.0,3.0,3.0,5.0,0
145,4.0,1.0,1.0,2.0,2.0,2.0,4.0,1.0,2.0,1.0,1.0,3.0,2.0,3.0,4.0,3
147,3.0,2.0,3.0,2.0,2.0,3.0,5.0,5.0,2.0,2.0,2.0,4.0,2.0,1.0,1.0,5
148,4.0,4.0,4.0,3.0,3.0,5.0,3.0,4.0,3.0,2.0,4.0,3.0,3.0,3.0,3.0,0
149,1.0,3.0,1.0,3.0,4.0,1.0,2.0,3.0,2.0,1.0,1.0,1.0,1.0,1.0,2.0,1
150,2.0,2.0,3.0,4.0,4.0,3.0,5.0,1.0,2.0,4.0,4.0,3.0,1.0,1.0,5.0,2
151,3.0,1.0,1.0,3.0,2.0,2.0,4.0,2.0,5.0,4.0,4.0,4.0,2.0,2.0,4.0,2
152,5.0,2.0,2.0,3.0,3.0,4.0,4.0,4.0,3.0,3.0,4.0,3.0,2.0,2.0,5.0,0
153,5.0,2.0,2.0,3.0,2.0,4.0,2.0,4.0,1.0,4.0,2.0,1.0,3.0,3.0,3.0,3
154,1.0,2.0,4.0,5.0,1.0,1.0,5.0,2.0,2.0,3.0,3.0,3.0,2.0,1.0,4.0,2
155,4.0,3.0,3.0,5.0,2.0,3.0,3.0,3.0,2.0,4.0,3.0,4.0,2.0,2.0,3.0,4
156,2.0,4.0,3.0,4.0,2.0,3.0,5.0,3.0,5.0,2.0,3.0,3.0,2.0,1.0,4.0,0
157,4.0,4.0,4.0,2.0,2.0,4.0,4.0,2.0,2.0,2.0,1.0,2.0,1.0,1.0,2.0,3
158,4.0,2.0,1.0,3.0,2.0,5.0,4.0,4.0,5.0,4.0,3.0,3.0,2.0,5.0,3.0,3
159,4.0,4.0,3.0,5.0,4.0,4.0,5.0,3.0,4.0,3.0,3.0,4.0,3.0,3.0,3.0,4
160,3.0,2.0,1.0,2.0,1.0,1.0,5.0,3.0,5.0,4.0,4.0,5.0,1.0,3.0,4.0,2
161,2.0,2.0,2.0,2.0,2.0,4.0,5.0,4.0,3.0,2.0,3.0,2.0,2.0,3.0,2.0,3
162,3.0,5.0,4.0,5.0,2.0,4.0,3.0,5.0,4.0,3.0,2.0,1.0,5.0,1.0,2.0,4
163,3.0,1.0,1.0,2.0,1.0,4.0,3.0,1.0,1.0,1.0,1.0,3.0,1.0,5.0,4.0,3
165,5.0,2.0,4.0,3.0,1.0,4.0,1.0,5.0,3.0,3.0,2.0,1.0,5.0,2.0,4.0,0
166,1.0,2.0,1.0,3.0,1.0,1.0,3.0,1.0,1.0,1.0,1.0,2.0,2.0,1.0,4.0,1
168,4.0,1.0,2.0,4.0,3.0,4.0,4.0,3.0,3.0,3.0,4.0,2.0,1.0,1.0,1.0,0
169,2.0,1.0,2.0,4.0,4.0,3.0,5.0,1.0,1.0,3.0,3.0,4.0,1.0,1.0,3.0,1
170,2.0,3.0,2.0,2.0,1.0,3.0,4.0,2.0,3.0,5.0,4.0,5.0,4.0,1.0,3.0,4
171,3.0,1.0,2.0,4.0,3.0,4.0,4.0,4.0,3.0,3.0,3.0,2.0,1.0,1.0,5.0,0
172,2.0,3.0,3.0,4.0,4.0,2.0,5.0,2.0,4.0,4.0,4.0,4.0,2.0,1.0,1.0,2
173,2.0,1.0,2.0,4.0,4.0,3.0,2.0,2.0,1.0,2.0,3.0,2.0,1.0,5.0,2.0,1
174,1.0,5.0,3.0,3.0,3.0,1.0,1.0,1.0,1.0,1.0,1.0,1.0,3.0,1.0,1.0,1
175,1.0,1.0,1.0,5.0,3.0,3.0,5.0,3.0,4.0,4.0,4.0,2.0,4.0,2.0,1.0,0
177,1.0,4.0,2.0,4.0,3.0,1.0,5.0,1.0,3.0,3.0,3.0,5.0,2.0,1.0,3.0,2
178,1.0,3.0,3.0,5.0,2.0,2.0,4.0,1.0,2.0,2.0,4.0,3.0,2.0,1.0,3.0,1
179,1.0,2.0,2.0,5.0,2.0,1.0,1.0,1.0,1.0,4.0,1.0,1.0,1.0,4.0,2.0,1
180,2.0,1.0,1.0,3.0,3.0,2.0,5.0,2.0,2.0,1.0,4.0,4.0,1.0,1.0,4.0,2
181,4.0,3.0,3.0,4.0,3.0,3.0,4.0,4.0,4.0,5.0,3.0,3.0,5.0,3.0,2.0,4
182,4.0,3.0,2.0,4.0,4.0,4.0,5.0,2.0,4.0,3.0,2.0,3.0,4.0,1.0,2.0,4
183,3.0,2.0,1.0,2.0,5.0,4.0,3.0,5.0,4.0,4.0,3.0,4.0,3.0,4.0,5.0,0
184,2.0,2.0,2.0,3.0,4.0,2.0,5.0,1.0,1.0,4.0,5.0,5.0,1.0,1.0,2.0,2
185,3.0,1.0,1.0,2.0,5.0,3.0,2.0,4.0,3.0,3.0,4.0,1.0,5.0,3.0,1.0,5
186,2.0,4.0,2.0,3.0,3.0,4.0,2.0,1.0,1.0,3.0,2.0,2.0,3.0,2.0,3.0,5
187,1.0,2.0,2.0,2.0,1.0,4.0,3.0,1.0,1.0,2.0,1.0,5.0,1.0,5.0,2.0,3
188,3.0,3.0,2.0,5.0,4.0,3.0,3.0,3.0,2.0,2.0,2.0,2.0,2.0,1.0,4.0,1
189,1.0,3.0,2.0,5.0,3.0,1.0,4.0,1.0,1.0,1.0,3.0,2.0,1.0,1.0,1.0,1
190,2.0,2.0,2.0,4.0,2.0,2.0,4.0,2.0,3.0,2.0,3.0,3.0,2.0,2.0,2.0,1
191,2.0,5.0,2.0,4.0,5.0,5.0,2.0,1.0,3.0,4.0,3.0,4.0,3.0,1.0,1.0,2
192,4.0,1.0,2.0,3.0,3.0,5.0,4.0,5.0,2.0,1.0,3.0,2.0,3.0,4.0,3.0,0
193,1.0,4.0,3.0,5.0,3.0,1.0,5.0,1.0,3.0,3.0,5.0,5.0,1.0,1.0,3.0,2
194,1.0,2.0,1.0,3.0,2.0,2.0,4.0,2.0,3.0,1.0,5.0,5.0,1.0,1.0,4.0,2
195,2.0,2.0,2.0,3.0,2.0,2.0,3.0,5.0,3.0,3.0,3.0,3.0,2.0,1.0,3.0,3
196,2.0,2.0,2.0,2.0,3.0,4.0,4.0,4.0,4.0,3.0,3.0,3.0,3.0,3.0,4.0,0
197,3.0,2.0,3.0,1.0,4.0,2.0,2.0,3.0,2.0,2.0,1.0,1.0,3.0,1.0,1.0,5
198,3.0,4.0,2.0,2.0,2.0,3.0,5.0,5.0,4.0,2.0,5.0,2.0,2.0,2.0,5.0,0
199,4.0,1.0,1.0,1.0,1.0,2.0,3.0,4.0,2.0,1.0,1.0,1.0,2.0,4.0,5.0,3
200,3.0,1.0,2.0,4.0,3.0,4.0,4.0,5.0,4.0,3.0,4.0,2.0,2.0,2.0,2.0,0
202,5.0,1.0,1.0,1.0,1.0,3.0,2.0,5.0,3.0,1.0,1.0,1.0,1.0,4.0,2.0,3
203,4.0,2.0,2.0,3.0,1.0,4.0,5.0,3.0,3.0,2.0,2.0,2.0,4.0,3.0,3.0,3
204,3.0,3.0,2.0,3.0,3.0,2.0,5.0,2.0,5.0,4.0,5.0,4.0,3.0,1.0,2.0,2
205,2.0,4.0,3.0,5.0,5.0,4.0,4.0,1.0,1.0,4.0,5.0,3.0,4.0,1.0,3.0,2
206,5.0,2.0,2.0,5.0,5.0,3.0,4.0,1.0,2.0,4.0,4.0,3.0,1.0,1.0,1.0,2
207,2.0,3.0,3.0,4.0,5.0,3.0,3.0,2.0,2.0,3.0,4.0,2.0,4.0,1.0,2.0,1
208,3.0,2.0,1.0,3.0,2.0,4.0,4.0,4.0,5.0,5.0,5.0,3.0,3.0,1.0,3.0,0
209,4.0,3.0,3.0,4.0,3.0,2.0,5.0,5.0,4.0,5.0,4.0,2.0,4.0,2.0,4.0,4
210,5.0,5.0,5.0,5.0,1.0,4.0,5.0,4.0,4.0,4.0,5.0,3.0,4.0,5.0,4.0,4
211,5.0,1.0,2.0,2.0,5.0,5.0,5.0,5.0,4.0,4.0,5.0,2.0,5.0,4.0,5.0,0
212,1.0,3.0,3.0,5.0,1.0,2.0,4.0,3.0,2.0,4.0,5.0,5.0,1.0,2.0,4.0,2
213,4.0,2.0,3.0,3.0,4.0,5.0,5.0,4.0,2.0,2.0,2.0,4.0,3.0,5.0,3.0,0
214,2.0,2.0,2.0,3.0,3.0,3.0,5.0,2.0,2.0,5.0,5.0,4.0,3.0,1.0,2.0,2
215,2.0,2.0,1.0,1.0,1.0,3.0,1.0,5.0,1.0,1.0,1.0,1.0,5.0,1.0,5.0,5
216,1.0,1.0,1.0,1.0,1.0,1.0,4.0,2.0,1.0,1.0,3.0,1.0,1.0,2.0,5.0,1
217,4.0,1.0,3.0,2.0,5.0,4.0,3.0,3.0,1.0,2.0,4.0,4.0,3.0,2.0,2.0,0
218,2.0,1.0,3.0,2.0,3.0,4.0,3.0,4.0,3.0,1.0,2.0,2.0,1.0,3.0,5.0,3
219,5.0,1.0,1.0,1.0,2.0,3.0,1.0,5.0,2.0,1.0,1.0,1.0,2.0,5.0,5.0,3
220,4.0,3.0,3.0,4.0,2.0,1.0,3.0,5.0,4.0,4.0,2.0,5.0,3.0,1.0,5.0,4
221,4.0,5.0,1.0,4.0,3.0,3.0,5.0,5.0,5.0,5.0,4.0,4.0,3.0,4.0,3.0,4
222,3.0,2.0,4.0,4.0,3.0,5.0,5.0,2.0,1.0,4.0,3.0,3.0,3.0,1.0,1.0,0
223,3.0,3.0,2.0,3.0,1.0,4.0,2.0,4.0,3.0,4.0,2.0,2.0,5.0,2.0,2.0,5
224,2.0,2.0,3.0,5.0,4.0,4.0,5.0,3.0,3.0,2.0,3.0,5.0,2.0,1.0,2.0,2
225,2.0,3.0,2.0,4.0,4.0,2.0,5.0,3.0,4.0,4.0,5.0,5.0,3.0,2.0,4.0,4
227,2.0,4.0,3.0,5.0,3.0,2.0,4.0,2.0,3.0,5.0,3.0,4.0,4.0,1.0,2.0,2
228,3.0,5.0,3.0,4.0,2.0,3.0,3.0,1.0,2.0,5.0,4.0,4.0,3.0,2.0,1.0,4
229,4.0,2.0,4.0,1.0,1.0,4.0,3.0,2.0,5.0,3.0,3.0,2.0,2.0,3.0,4.0,3
230,2.0,5.0,4.0,5.0,5.0,5.0,3.0,4.0,3.0,3.0,3.0,3.0,5.0,2.0,2.0,4
231,3.0,2.0,3.0,2.0,2.0,4.0,5.0,1.0,2.0,3.0,5.0,1.0,5.0,1.0,2.0,0
232,1.0,2.0,4.0,4.0,1.0,2.0,3.0,3.0,4.0,5.0,3.0,1.0,4.0,3.0,3.0,0
233,4.0,2.0,2.0,4.0,3.0,4.0,4.0,4.0,4.0,2.0,4.0,3.0,4.0,4.0,3.0,0
234,4.0,4.0,3.0,2.0,1.0,4.0,5.0,2.0,4.0,1.0,3.0,4.0,5.0,1.0,1.0,0
235,1.0,1.0,1.0,3.0,3.0,3.0,5.0,1.0,1.0,3.0,4.0,2.0,4.0,1.0,3.0,1
236,3.0,3.0,2.0,3.0,5.0,4.0,4.0,2.0,4.0,3.0,4.0,2.0,4.0,1.0,5.0,0
237,4.0,2.0,1.0,3.0,3.0,4.0,3.0,5.0,4.0,3.0,2.0,2.0,5.0,3.0,4.0,0
238,2.0,1.0,2.0,2.0,3.0,4.0,2.0,5.0,3.0,2.0,3.0,2.0,4.0,1.0,3.0,5
239,4.0,2.0,1.0,5.0,2.0,2.0,4.0,3.0,3.0,4.0,4.0,4.0,2.0,2.0,3.0,4
240,2.0,1.0,1.0,1.0,1.0,2.0,3.0,2.0,2.0,2.0,2.0,2.0,1.0,2.0,3.0,1
241,2.0,1.0,1.0,3.0,5.0,3.0,3.0,5.0,3.0,3.0,3.0,3.0,2.0,1.0,3.0,0
242,3.0,2.0,1.0,2.0,5.0,5.0,4.0,1.0,1.0,2.0,2.0,1.0,4.0,1.0,3.0,5
243,2.0,1.0,2.0,4.0,5.0,5.0,5.0,1.0,2.0,4.0,5.0,4.0,3.0,1.0,1.0,2
244,5.0,2.0,4.0,3.0,5.0,5.0,5.0,2.0,3.0,3.0,4.0,3.0,5.0,2.0,1.0,0
245,2.0,3.0,3.0,2.0,2.0,3.0,4.0,4.0,5.0,4.0,5.0,5.0,3.0,1.0,5.0,4
246,3.0,2.0,3.0,4.0,1.0,4.0,5.0,3.0,4.0,4.0,4.0,1.0,5.0,1.0,2.0,0
247,3.0,2.0,1.0,4.0,5.0,3.0,5.0,3.0,4.0,5.0,3.0,5.0,4.0,2.0,5.0,4
248,4.0,1.0,1.0,4.0,3.0,4.0,5.0,4.0,2.0,2.0,2.0,2.0,2.0,3.0,4.0,3
249,3.0,4.0,4.0,4.0,4.0,5.0,5.0,2.0,2.0,4.0,4.0,4.0,5.0,2.0,3.0,4
250,3.0,2.0,1.0,2.0,2.0,4.0,3.0,4.0,4.0,2.0,2.0,2.0,4.0,2.0,3.0,5
251,5.0,2.0,2.0,3.0,5.0,5.0,5.0,4.0,4.0,3.0,3.0,2.0,4.0,5.0,4.0,0
252,2.0,2.0,3.0,3.0,3.0,4.0,5.0,2.0,1.0,3.0,2.0,5.0,4.0,2.0,2.0,0
253,3.0,1.0,2.0,1.0,1.0,3.0,1.0,1.0,1.0,1.0,1.0,1.0,1.0,1.0,1.0,1
254,5.0,3.0,2.0,2.0,5.0,5.0,3.0,4.0,2.0,1.0,5.0,2.0,5.0,3.0,3.0,0
255,2.0,5.0,4.0,5.0,5.0,3.0,5.0,3.0,3.0,4.0,4.0,4.0,5.0,1.0,3.0,2
256,3.0,4.0,2.0,1.0,2.0,5.0,2.0,3.0,2.0,1.0,2.0,1.0,5.0,1.0,3.0,5
257,5.0,3.0,2.0,3.0,3.0,4.0,4.0,4.0,2.0,3.0,3.0,3.0,2.0,5.0,3.0,0
258,1.0,2.0,1.0,5.0,1.0,1.0,5.0,1.0,1.0,4.0,3.0,5.0,2.0,1.0,5.0,2
259,3.0,3.0,3.0,2.0,2.0,3.0,4.0,2.0,1.0,3.0,5.0,2.0,5.0,1.0,4.0,0
260,3.0,3.0,3.0,3.0,3.0,3.0,3.0,3.0,3.0,3.0,3.0,3.0,3.0,3.0,3.0,0
261,4.0,2.0,3.0,2.0,2.0,5.0,2.0,2.0,1.0,1.0,1.0,1.0,3.0,1.0,3.0,5
262,3.0,4.0,2.0,5.0,4.0,2.0,5.0,3.0,3.0,5.0,3.0,5.0,2.0,3.0,3.0,4
263,5.0,2.0,2.0,2.0,4.0,5.0,4.0,4.0,3.0,2.0,4.0,3.0,5.0,3.0,4.0,0
264,3.0,3.0,1.0,3.0,3.0,5.0,4.0,5.0,4.0,3.0,3.0,3.0,3.0,3.0,1.0,0
265,3.0,2.0,1.0,2.0,3.0,5.0,2.0,4.0,3.0,3.0,2.0,1.0,1.0,1.0,3.0,5
266,3.0,3.0,2.0,3.0,3.0,4.0,4.0,2.0,2.0,4.0,3.0,1.0,4.0,1.0,4.0,0
267,4.0,3.0,4.0,4.0,3.0,2.0,4.0,3.0,2.0,2.0,3.0,2.0,3.0,2.0,3.0,1
268,3.0,2.0,1.0,2.0,2.0,5.0,2.0,2.0,3.0,3.0,3.0,2.0,5.0,1.0,3.0,5
269,3.0,1.0,2.0,4.0,4.0,3.0,5.0,1.0,1.0,1.0,3.0,2.0,4.0,2.0,2.0,1
270,3.0,2.0,1.0,1.0,3.0,4.0,5.0,5.0,5.0,5.0,5.0,5.0,3.0,2.0,2.0,0
271,4.0,3.0,1.0,1.0,1.0,4.0,5.0,5.0,5.0,4.0,5.0,4.0,2.0,1.0,4.0,0
272,2.0,4.0,3.0,5.0,3.0,2.0,5.0,2.0,5.0,4.0,3.0,5.0,2.0,1.0,2.0,2
273,4.0,2.0,2.0,4.0,4.0,4.0,4.0,4.0,4.0,5.0,4.0,4.0,4.0,4.0,4.0,4
274,5.0,3.0,3.0,2.0,2.0,4.0,3.0,4.0,3.0,2.0,4.0,1.0,3.0,2.0,3.0,3
275,3.0,3.0,4.0,4.0,5.0,3.0,4.0,2.0,2.0,4.0,3.0,3.0,5.0,4.0,4.0,4
276,5.0,3.0,5.0,2.0,2.0,5.0,5.0,1.0,1.0,1.0,4.0,3.0,3.0,1.0,5.0,0
277,2.0,1.0,3.0,3.0,1.0,4.0,5.0,2.0,2.0,3.0,5.0,1.0,2.0,2.0,3.0,1
278,3.0,5.0,2.0,4.0,3.0,3.0,4.0,5.0,5.0,2.0,3.0,5.0,4.0,3.0,2.0,4
279,4.0,2.0,2.0,2.0,1.0,4.0,3.0,3.0,3.0,1.0,1.0,1.0,2.0,2.0,5.0,3
280,4.0,2.0,1.0,3.0,4.0,2.0,5.0,2.0,3.0,2.0,2.0,4.0,5.0,5.0,4.0,0
281,4.0,2.0,3.0,4.0,1.0,2.0,4.0,4.0,4.0,5.0,5.0,2.0,5.0,3.0,4.0,4
282,1.0,1.0,2.0,1.0,2.0,3.0,2.0,1.0,2.0,1.0,2.0,2.0,3.0,1.0,3.0,1
284,1.0,1.0,1.0,1.0,1.0,1.0,1.0,1.0,1.0,1.0,1.0,1.0,1.0,1.0,3.0,1
285,3.0,1.0,1.0,3.0,3.0,5.0,5.0,3.0,1.0,2.0,1.0,1.0,1.0,1.0,3.0,5
286,3.0,2.0,2.0,4.0,3.0,4.0,4.0,5.0,5.0,3.0,3.0,4.0,4.0,1.0,3.0,0
287,3.0,1.0,1.0,3.0,2.0,4.0,4.0,4.0,1.0,3.0,3.0,4.0,2.0,3.0,3.0,3
290,4.0,1.0,1.0,2.0,4.0,4.0,4.0,4.0,3.0,4.0,4.0,3.0,4.0,1.0,4.0,0
291,3.0,3.0,3.0,3.0,3.0,3.0,5.0,3.0,4.0,3.0,4.0,3.0,3.0,2.0,3.0,0
292,5.0,2.0,3.0,2.0,5.0,5.0,4.0,3.0,3.0,3.0,3.0,3.0,5.0,2.0,3.0,0
293,2.0,2.0,2.0,4.0,4.0,1.0,5.0,1.0,4.0,3.0,3.0,5.0,2.0,1.0,1.0,2
295,3.0,2.0,5.0,3.0,3.0,4.0,5.0,2.0,4.0,3.0,5.0,5.0,3.0,1.0,4.0,2
296,5.0,1.0,1.0,1.0,1.0,5.0,3.0,2.0,4.0,1.0,3.0,3.0,1.0,5.0,5.0,3
297,2.0,1.0,2.0,3.0,2.0,2.0,3.0,1.0,3.0,3.0,2.0,4.0,2.0,4.0,3.0,3
298,5.0,2.0,3.0,2.0,2.0,4.0,3.0,5.0,4.0,4.0,5.0,1.0,5.0,2.0,3.0,0
299,4.0,1.0,1.0,3.0,4.0,2.0,4.0,5.0,5.0,3.0,2.0,2.0,3.0,1.0,3.0,0
300,1.0,5.0,2.0,5.0,2.0,2.0,4.0,1.0,1.0,3.0,3.0,5.0,1.0,1.0,2.0,2
301,1.0,2.0,1.0,5.0,2.0,1.0,5.0,1.0,1.0,2.0,1.0,2.0,1.0,1.0,3.0,1
302,5.0,4.0,1.0,2.0,5.0,5.0,5.0,5.0,3.0,1.0,4.0,1.0,5.0,1.0,4.0,0
303,2.0,2.0,4.0,2.0,5.0,4.0,5.0,4.0,2.0,2.0,3.0,1.0,5.0,1.0,2.0,0
304,2.0,2.0,1.0,4.0,4.0,4.0,4.0,2.0,3.0,2.0,2.0,1.0,2.0,1.0,3.0,5
305,3.0,2.0,1.0,2.0,2.0,2.0,5.0,2.0,2.0,3.0,4.0,5.0,1.0,1.0,4.0,2
306,5.0,3.0,3.0,3.0,3.0,3.0,4.0,4.0,5.0,5.0,5.0,5.0,5.0,4.0,2.0,4
307,1.0,4.0,3.0,2.0,5.0,2.0,5.0,1.0,1.0,5.0,5.0,3.0,3.0,1.0,1.0,2
309,4.0,2.0,1.0,3.0,3.0,3.0,4.0,4.0,1.0,1.0,4.0,2.0,2.0,2.0,2.0,5
310,4.0,1.0,1.0,3.0,2.0,4.0,4.0,1.0,2.0,1.0,1.0,1.0,3.0,5.0,3.0,3
311,5.0,5.0,2.0,5.0,5.0,5.0,5.0,5.0,5.0,5.0,3.0,3.0,5.0,2.0,5.0,4
312,2.0,1.0,1.0,2.0,2.0,3.0,4.0,3.0,3.0,3.0,3.0,2.0,1.0,2.0,5.0,3
313,3.0,2.0,2.0,4.0,3.0,4.0,2.0,4.0,1.0,3.0,4.0,2.0,4.0,2.0,3.0,0
314,5.0,4.0,5.0,4.0,5.0,5.0,5.0,2.0,5.0,5.0,5.0,5.0,5.0,5.0,2.0,4
315,1.0,1.0,1.0,3.0,3.0,5.0,2.0,2.0,1.0,1.0,1.0,2.0,2.0,1.0,5.0,5
316,4.0,1.0,1.0,1.0,3.0,3.0,3.0,3.0,2.0,1.0,1.0,2.0,2.0,4.0,3.0,3
317,5.0,2.0,2.0,2.0,1.0,3.0,5.0,2.0,1.0,2.0,3.0,3.0,4.0,4.0,5.0,3
318,2.0,3.0,4.0,3.0,3.0,3.0,1.0,3.0,2.0,4.0,4.0,3.0,3.0,2.0,3.0,1
319,4.0,3.0,2.0,4.0,5.0,5.0,4.0,3.0,3.0,4.0,3.0,4.0,4.0,3.0,3.0,4
320,3.0,2.0,2.0,2.0,2.0,3.0,5.0,2.0,3.0,2.0,2.0,5.0,2.0,4.0,3.0,3
321,3.0,2.0,4.0,3.0,4.0,4.0,5.0,5.0,2.0,3.0,5.0,3.0,4.0,3.0,3.0,0
322,2.0,2.0,1.0,4.0,3.0,2.0,5.0,1.0,3.0,3.0,5.0,5.0,3.0,1.0,2.0,2
323,2.0,1.0,4.0,5.0,4.0,5.0,4.0,1.0,1.0,1.0,3.0,1.0,3.0,1.0,3.0,1
324,4.0,2.0,2.0,2.0,2.0,5.0,3.0,2.0,3.0,3.0,3.0,3.0,3.0,2.0,3.0,0
325,4.0,4.0,3.0,3.0,3.0,4.0,4.0,5.0,5.0,2.0,4.0,3.0,3.0,4.0,3.0,0
326,3.0,2.0,2.0,3.0,2.0,5.0,4.0,2.0,3.0,3.0,3.0,3.0,3.0,3.0,5.0,3
327,3.0,2.0,1.0,4.0,4.0,5.0,3.0,5.0,4.0,3.0,4.0,2.0,3.0,1.0,2.0,0
328,3.0,3.0,4.0,2.0,1.0,2.0,5.0,2.0,4.0,3.0,2.0,5.0,3.0,1.0,5.0,0
329,4.0,2.0,3.0,3.0,2.0,4.0,4.0,4.0,2.0,2.0,3.0,2.0,2.0,3.0,4.0,3
331,3.0,2.0,3.0,3.0,3.0,2.0,5.0,5.0,1.0,5.0,5.0,1.0,2.0,4.0,4.0,4
332,3.0,2.0,3.0,3.0,5.0,3.0,2.0,2.0,3.0,1.0,1.0,1.0,5.0,1.0,1.0,5
333,3.0,2.0,3.0,3.0,4.0,5.0,4.0,3.0,2.0,3.0,3.0,2.0,3.0,2.0,1.0,0
334,2.0,3.0,3.0,2.0,3.0,2.0,3.0,2.0,2.0,4.0,1.0,4.0,4.0,1.0,1.0,0
335,4.0,3.0,2.0,3.0,3.0,4.0,4.0,4.0,4.0,4.0,3.0,2.0,2.0,4.0,5.0,0
336,3.0,1.0,2.0,3.0,2.0,5.0,3.0,3.0,3.0,3.0,2.0,3.0,1.0,4.0,1.0,3
337,5.0,1.0,2.0,3.0,2.0,3.0,3.0,5.0,2.0,2.0,1.0,2.0,1.0,5.0,4.0,3
339,2.0,2.0,1.0,5.0,3.0,2.0,5.0,1.0,3.0,3.0,5.0,5.0,2.0,1.0,2.0,2
340,1.0,3.0,2.0,5.0,3.0,2.0,3.0,3.0,3.0,2.0,2.0,4.0,2.0,1.0,3.0,1
341,1.0,1.0,1.0,1.0,1.0,2.0,2.0,5.0,1.0,1.0,1.0,1.0,1.0,5.0,5.0,3
342,3.0,2.0,2.0,2.0,4.0,3.0,3.0,4.0,4.0,3.0,3.0,3.0,4.0,3.0,4.0,0
343,3.0,5.0,2.0,2.0,5.0,5.0,4.0,1.0,2.0,2.0,5.0,2.0,5.0,1.0,2.0,0
344,2.0,4.0,4.0,1.0,2.0,5.0,3.0,2.0,1.0,1.0,4.0,3.0,3.0,1.0,1.0,1
345,4.0,2.0,1.0,1.0,2.0,4.0,4.0,2.0,3.0,2.0,2.0,2.0,2.0,3.0,3.0,3
346,1.0,1.0,1.0,1.0,1.0,3.0,3.0,5.0,5.0,1.0,3.0,1.0,2.0,4.0,5.0,3
348,3.0,5.0,2.0,5.0,5.0,4.0,2.0,1.0,2.0,5.0,5.0,3.0,3.0,2.0,4.0,2
349,5.0,2.0,1.0,2.0,3.0,5.0,2.0,3.0,2.0,3.0,3.0,1.0,2.0,4.0,5.0,3
350,4.0,2.0,2.0,1.0,1.0,4.0,4.0,2.0,3.0,1.0,1.0,3.0,1.0,2.0,3.0,3
351,3.0,2.0,4.0,5.0,3.0,5.0,5.0,1.0,4.0,4.0,4.0,5.0,3.0,1.0,3.0,2
352,2.0,1.0,3.0,2.0,1.0,2.0,5.0,1.0,1.0,1.0,5.0,1.0,2.0,1.0,3.0,1
353,3.0,1.0,2.0,3.0,2.0,4.0,2.0,4.0,2.0,2.0,3.0,5.0,2.0,1.0,3.0,0
354,3.0,3.0,2.0,4.0,4.0,4.0,4.0,3.0,2.0,2.0,2.0,3.0,2.0,3.0,4.0,1
355,2.0,1.0,3.0,1.0,2.0,4.0,3.0,5.0,2.0,1.0,2.0,1.0,3.0,2.0,4.0,3
356,3.0,3.0,4.0,4.0,4.0,5.0,5.0,4.0,4.0,3.0,4.0,2.0,3.0,2.0,3.0,4
357,3.0,1.0,1.0,2.0,2.0,2.0,4.0,5.0,2.0,2.0,1.0,1.0,4.0,3.0,2.0,5
358,5.0,3.0,3.0,2.0,1.0,3.0,5.0,3.0,3.0,3.0,4.0,1.0,2.0,2.0,4.0,3
359,4.0,2.0,4.0,3.0,2.0,5.0,2.0,4.0,4.0,2.0,3.0,1.0,3.0,2.0,4.0,3
360,4.0,1.0,2.0,1.0,3.0,5.0,5.0,5.0,5.0,3.0,4.0,3.0,3.0,1.0,5.0,0
361,3.0,5.0,5.0,5.0,2.0,2.0,5.0,3.0,4.0,5.0,1.0,1.0,1.0,1.0,1.0,1
363,1.0,3.0,2.0,4.0,5.0,3.0,5.0,2.0,4.0,1.0,4.0,4.0,4.0,1.0,1.0,2
364,4.0,2.0,3.0,3.0,2.0,4.0,5.0,3.0,3.0,2.0,4.0,3.0,1.0,2.0,3.0,3
365,2.0,2.0,3.0,4.0,2.0,1.0,5.0,1.0,5.0,4.0,5.0,5.0,1.0,2.0,3.0,2
366,2.0,1.0,2.0,2.0,2.0,4.0,4.0,3.0,3.0,1.0,1.0,1.0,1.0,3.0,3.0,3
367,3.0,1.0,3.0,4.0,1.0,5.0,5.0,1.0,2.0,5.0,5.0,5.0,1.0,3.0,2.0,4
370,3.0,3.0,2.0,4.0,3.0,5.0,5.0,4.0,3.0,3.0,3.0,2.0,4.0,1.0,3.0,4
371,5.0,5.0,5.0,5.0,5.0,5.0,5.0,2.0,2.0,5.0,5.0,3.0,5.0,2.0,3.0,4
372,2.0,2.0,2.0,2.0,2.0,2.0,4.0,1.0,4.0,2.0,3.0,4.0,2.0,4.0,2.0,3
373,2.0,1.0,1.0,1.0,1.0,5.0,3.0,2.0,1.0,1.0,1.0,1.0,1.0,1.0,2.0,5
374,5.0,2.0,2.0,1.0,2.0,5.0,3.0,3.0,3.0,2.0,2.0,1.0,2.0,3.0,5.0,3
377,2.0,3.0,3.0,4.0,2.0,3.0,5.0,1.0,3.0,4.0,4.0,5.0,3.0,1.0,1.0,2
379,5.0,4.0,3.0,4.0,5.0,4.0,4.0,3.0,3.0,4.0,3.0,2.0,4.0,2.0,3.0,4
380,4.0,3.0,2.0,2.0,3.0,4.0,4.0,4.0,2.0,2.0,4.0,2.0,5.0,5.0,3.0,0
381,2.0,2.0,3.0,4.0,3.0,2.0,5.0,1.0,1.0,3.0,3.0,3.0,2.0,1.0,3.0,1
382,4.0,3.0,4.0,2.0,2.0,5.0,1.0,4.0,2.0,1.0,2.0,2.0,5.0,4.0,4.0,0
383,2.0,2.0,2.0,3.0,4.0,3.0,5.0,3.0,3.0,3.0,3.0,5.0,1.0,2.0,4.0,2
384,3.0,1.0,1.0,2.0,3.0,3.0,5.0,4.0,4.0,4.0,4.0,5.0,2.0,1.0,3.0,2
385,5.0,4.0,4.0,5.0,4.0,4.0,5.0,4.0,5.0,5.0,5.0,4.0,5.0,3.0,5.0,4
386,3.0,2.0,1.0,2.0,3.0,4.0,5.0,5.0,4.0,2.0,3.0,3.0,2.0,4.0,3.0,3
387,5.0,2.0,2.0,2.0,4.0,5.0,2.0,5.0,5.0,3.0,3.0,2.0,5.0,2.0,5.0,0
388,3.0,4.0,2.0,4.0,4.0,5.0,4.0,4.0,5.0,5.0,4.0,3.0,5.0,3.0,2.0,4
389,3.0,2.0,2.0,3.0,3.0,3.0,2.0,2.0,2.0,4.0,3.0,2.0,5.0,1.0,3.0,5
390,1.0,1.0,2.0,3.0,2.0,2.0,2.0,2.0,2.0,3.0,3.0,4.0,3.0,3.0,1.0,3
391,3.0,3.0,3.0,3.0,3.0,3.0,3.0,3.0,3.0,3.0,3.0,2.0,2.0,1.0,3.0,4
392,4.0,3.0,1.0,3.0,2.0,4.0,3.0,5.0,3.0,1.0,2.0,2.0,5.0,2.0,2.0,0
393,1.0,1.0,3.0,1.0,1.0,1.0,3.0,2.0,1.0,1.0,2.0,2.0,1.0,1.0,1.0,1
394,3.0,1.0,1.0,2.0,1.0,3.0,4.0,1.0,2.0,2.0,3.0,2.0,2.0,1.0,4.0,1
395,3.0,1.0,3.0,1.0,2.0,3.0,4.0,3.0,2.0,2.0,4.0,5.0,1.0,5.0,3.0,3
396,3.0,4.0,2.0,5.0,4.0,3.0,3.0,2.0,3.0,4.0,3.0,1.0,2.0,2.0,5.0,1
397,3.0,5.0,2.0,2.0,3.0,4.0,1.0,4.0,2.0,1.0,2.0,1.0,4.0,1.0,2.0,5
398,3.0,3.0,2.0,2.0,2.0,2.0,3.0,5.0,5.0,3.0,4.0,3.0,4.0,5.0,1.0,4
399,2.0,4.0,1.0,5.0,5.0,4.0,4.0,2.0,4.0,3.0,3.0,4.0,2.0,1.0,4.0,2
400,4.0,1.0,2.0,3.0,1.0,4.0,2.0,3.0,3.0,2.0,2.0,2.0,1.0,4.0,3.0,3
401,2.0,1.0,3.0,1.0,3.0,2.0,5.0,1.0,1.0,1.0,2.0,2.0,3.0,1.0,5.0,0
403,2.0,3.0,3.0,3.0,4.0,3.0,4.0,2.0,4.0,2.0,4.0,3.0,3.0,1.0,2.0,0
404,4.0,5.0,5.0,5.0,2.0,4.0,5.0,3.0,2.0,2.0,5.0,5.0,1.0,5.0,3.0,4
405,3.0,3.0,3.0,3.0,3.0,3.0,2.0,4.0,2.0,4.0,3.0,3.0,3.0,2.0,3.0,1
406,4.0,5.0,1.0,4.0,5.0,5.0,4.0,3.0,3.0,4.0,4.0,1.0,5.0,4.0,3.0,4
407,4.0,2.0,3.0,3.0,3.0,3.0,3.0,3.0,3.0,5.0,3.0,2.0,2.0,2.0,3.0,4
408,3.0,4.0,3.0,5.0,5.0,3.0,1.0,1.0,1.0,4.0,5.0,3.0,5.0,1.0,1.0,1
409,5.0,1.0,5.0,1.0,5.0,4.0,4.0,4.0,2.0,3.0,4.0,3.0,2.0,4.0,3.0,0
410,4.0,2.0,1.0,3.0,1.0,4.0,5.0,4.0,1.0,1.0,5.0,3.0,1.0,1.0,3.0,3
411,3.0,2.0,2.0,3.0,4.0,5.0,5.0,4.0,2.0,4.0,3.0,1.0,5.0,2.0,2.0,0
412,3.0,1.0,1.0,1.0,1.0,3.0,5.0,1.0,1.0,1.0,1.0,1.0,1.0,5.0,4.0,3
413,4.0,3.0,1.0,2.0,2.0,4.0,4.0,2.0,2.0,2.0,4.0,2.0,2.0,3.0,3.0,3
414,4.0,3.0,2.0,5.0,3.0,5.0,3.0,3.0,2.0,3.0,4.0,4.0,2.0,2.0,3.0,4
415,3.0,1.0,1.0,1.0,1.0,5.0,5.0,4.0,2.0,1.0,5.0,3.0,3.0,3.0,5.0,3
416,5.0,1.0,1.0,4.0,2.0,4.0,3.0,3.0,2.0,2.0,2.0,1.0,3.0,4.0,4.0,3
417,1.0,2.0,1.0,2.0,2.0,1.0,2.0,1.0,5.0,1.0,4.0,4.0,1.0,1.0,5.0,2
418,4.0,4.0,2.0,2.0,3.0,5.0,1.0,1.0,2.0,1.0,2.0,2.0,4.0,1.0,1.0,5
419,5.0,2.0,5.0,5.0,5.0,5.0,5.0,3.0,3.0,4.0,5.0,5.0,3.0,3.0,3.0,4
420,1.0,1.0,1.0,3.0,1.0,2.0,5.0,1.0,3.0,2.0,1.0,1.0,1.0,1.0,5.0,1
421,2.0,3.0,2.0,5.0,5.0,5.0,4.0,2.0,2.0,5.0,3.0,2.0,3.0,2.0,1.0,2
422,4.0,1.0,1.0,1.0,4.0,5.0,1.0,4.0,2.0,1.0,1.0,1.0,5.0,5.0,4.0,0
423,3.0,2.0,1.0,3.0,3.0,5.0,4.0,1.0,3.0,3.0,3.0,3.0,3.0,2.0,2.0,0
425,3.0,1.0,1.0,2.0,3.0,4.0,5.0,3.0,4.0,3.0,4.0,5.0,1.0,2.0,3.0,2
426,1.0,1.0,1.0,1.0,1.0,2.0,5.0,1.0,3.0,4.0,4.0,4.0,2.0,1.0,4.0,2
427,3.0,3.0,1.0,5.0,1.0,2.0,3.0,2.0,3.0,5.0,3.0,5.0,3.0,2.0,4.0,4
428,5.0,3.0,2.0,4.0,5.0,5.0,3.0,3.0,2.0,2.0,2.0,1.0,2.0,3.0,2.0,1
430,3.0,3.0,3.0,4.0,2.0,4.0,4.0,2.0,4.0,3.0,3.0,3.0,4.0,3.0,2.0,0
431,4.0,1.0,3.0,2.0,3.0,2.0,2.0,3.0,3.0,3.0,2.0,2.0,4.0,5.0,4.0,0
432,2.0,2.0,2.0,3.0,1.0,1.0,5.0,3.0,3.0,3.0,4.0,5.0,3.0,1.0,4.0,4
433,4.0,4.0,4.0,2.0,4.0,5.0,4.0,2.0,2.0,2.0,3.0,5.0,3.0,2.0,3.0,0
434,4.0,1.0,2.0,2.0,3.0,5.0,3.0,4.0,3.0,3.0,2.0,1.0,5.0,4.0,2.0,0
435,1.0,1.0,1.0,1.0,2.0,3.0,5.0,2.0,1.0,1.0,5.0,3.0,1.0,1.0,2.0,1
436,2.0,2.0,2.0,2.0,1.0,4.0,4.0,2.0,3.0,2.0,3.0,2.0,4.0,3.0,2.0,3
437,2.0,1.0,1.0,1.0,2.0,3.0,3.0,3.0,1.0,1.0,3.0,1.0,1.0,4.0,4.0,3
438,1.0,1.0,1.0,2.0,3.0,4.0,5.0,4.0,3.0,1.0,2.0,1.0,2.0,1.0,1.0,5
439,5.0,2.0,2.0,1.0,1.0,4.0,2.0,4.0,2.0,2.0,3.0,3.0,2.0,4.0,5.0,3
440,4.0,1.0,2.0,4.0,3.0,4.0,4.0,3.0,3.0,3.0,4.0,3.0,3.0,4.0,3.0,0
442,4.0,2.0,4.0,3.0,3.0,5.0,4.0,3.0,4.0,4.0,4.0,2.0,2.0,2.0,4.0,4
443,2.0,2.0,2.0,4.0,3.0,3.0,3.0,3.0,3.0,3.0,3.0,2.0,3.0,3.0,2.0,0
444,3.0,2.0,4.0,2.0,2.0,2.0,3.0,2.0,5.0,4.0,5.0,5.0,2.0,4.0,3.0,3
445,4.0,2.0,2.0,2.0,3.0,5.0,3.0,4.0,2.0,3.0,2.0,2.0,5.0,1.0,3.0,5
446,4.0,1.0,2.0,2.0,1.0,3.0,3.0,4.0,2.0,1.0,2.0,1.0,1.0,4.0,2.0,3
447,1.0,3.0,3.0,3.0,4.0,1.0,1.0,1.0,1.0,1.0,1.0,1.0,1.0,1.0,2.0,1
448,4.0,2.0,2.0,2.0,2.0,4.0,4.0,4.0,1.0,2.0,4.0,3.0,2.0,3.0,4.0,3
449,3.0,3.0,1.0,2.0,5.0,3.0,4.0,2.0,3.0,3.0,5.0,2.0,5.0,1.0,4.0,0
450,4.0,3.0,1.0,5.0,3.0,5.0,3.0,2.0,2.0,1.0,1.0,1.0,3.0,1.0,3.0,5
451,3.0,2.0,2.0,3.0,1.0,4.0,4.0,3.0,2.0,3.0,2.0,2.0,3.0,3.0,4.0,3
452,4.0,1.0,1.0,1.0,1.0,5.0,3.0,3.0,3.0,2.0,4.0,3.0,1.0,3.0,5.0,3
453,2.0,2.0,1.0,1.0,5.0,3.0,4.0,2.0,3.0,3.0,5.0,2.0,5.0,1.0,4.0,0
454,2.0,1.0,1.0,2.0,3.0,4.0,5.0,3.0,5.0,4.0,4.0,4.0,2.0,1.0,3.0,2
455,4.0,2.0,1.0,2.0,3.0,5.0,5.0,3.0,3.0,2.0,3.0,2.0,2.0,4.0,1.0,3
456,3.0,1.0,1.0,1.0,1.0,3.0,2.0,5.0,5.0,1.0,2.0,3.0,1.0,1.0,4.0,3
457,4.0,2.0,1.0,2.0,1.0,4.0,5.0,2.0,2.0,2.0,3.0,3.0,2.0,4.0,3.0,3
458,5.0,5.0,5.0,5.0,5.0,5.0,1.0,5.0,1.0,1.0,5.0,5.0,5.0,5.0,1.0,0
459,2.0,2.0,3.0,3.0,3.0,2.0,3.0,1.0,4.0,3.0,3.0,5.0,2.0,3.0,3.0,3
460,3.0,1.0,1.0,1.0,1.0,2.0,4.0,5.0,5.0,1.0,1.0,3.0,1.0,1.0,5.0,3
461,2.0,4.0,3.0,3.0,3.0,3.0,3.0,1.0,3.0,3.0,3.0,3.0,4.0,2.0,2.0,1
462,3.0,1.0,2.0,3.0,1.0,3.0,5.0,3.0,3.0,3.0,3.0,4.0,2.0,3.0,3.0,3
463,3.0,1.0,1.0,3.0,3.0,5.0,3.0,3.0,3.0,1.0,1.0,5.0,5.0,1.0,1.0,0
464,4.0,3.0,3.0,3.0,2.0,3.0,4.0,2.0,3.0,2.0,4.0,2.0,5.0,3.0,3.0,3
465,3.0,2.0,2.0,3.0,4.0,3.0,1.0,2.0,4.0,4.0,2.0,3.0,5.0,2.0,2.0,5
466,3.0,1.0,3.0,3.0,3.0,4.0,3.0,4.0,1.0,3.0,3.0,1.0,3.0,5.0,2.0,0
467,4.0,3.0,2.0,3.0,2.0,3.0,2.0,4.0,2.0,1.0,2.0,2.0,2.0,2.0,2.0,5
468,3.0,2.0,4.0,4.0,2.0,4.0,5.0,5.0,4.0,4.0,5.0,2.0,2.0,2.0,4.0,4
469,5.0,1.0,1.0,1.0,1.0,4.0,3.0,4.0,4.0,2.0,5.0,4.0,1.0,4.0,4.0,3
470,4.0,3.0,1.0,2.0,3.0,5.0,2.0,3.0,3.0,2.0,3.0,1.0,3.0,1.0,2.0,5
471,4.0,2.0,2.0,2.0,2.0,3.0,5.0,2.0,5.0,3.0,4.0,5.0,2.0,2.0,3.0,2
472,2.0,2.0,4.0,3.0,2.0,4.0,3.0,1.0,1.0,1.0,2.0,1.0,1.0,1.0,3.0,5
473,1.0,1.0,1.0,1.0,1.0,2.0,4.0,1.0,1.0,1.0,1.0,4.0,1.0,1.0,2.0,1
474,5.0,1.0,1.0,3.0,1.0,5.0,3.0,5.0,2.0,1.0,1.0,3.0,1.0,5.0,2.0,3
475,3.0,2.0,5.0,4.0,5.0,3.0,5.0,3.0,4.0,3.0,5.0,3.0,4.0,1.0,5.0,4
476,2.0,1.0,1.0,4.0,3.0,4.0,5.0,3.0,3.0,5.0,5.0,5.0,5.0,1.0,5.0,4
477,2.0,1.0,1.0,2.0,4.0,2.0,5.0,1.0,2.0,3.0,5.0,5.0,2.0,1.0,4.0,2
478,5.0,2.0,3.0,2.0,3.0,4.0,4.0,2.0,2.0,2.0,4.0,4.0,2.0,3.0,4.0,0
480,5.0,3.0,5.0,3.0,4.0,5.0,4.0,4.0,3.0,4.0,5.0,4.0,5.0,4.0,3.0,4
481,4.0,4.0,1.0,5.0,1.0,1.0,2.0,1.0,1.0,4.0,4.0,4.0,1.0,5.0,4.0,4
482,2.0,1.0,3.0,1.0,1.0,3.0,4.0,4.0,4.0,3.0,1.0,1.0,1.0,1.0,3.0,5
483,3.0,2.0,1.0,5.0,3.0,4.0,5.0,3.0,2.0,4.0,3.0,1.0,5.0,1.0,4.0,0
485,4.0,2.0,1.0,2.0,1.0,4.0,5.0,1.0,3.0,5.0,4.0,4.0,4.0,1.0,1.0,0
486,4.0,2.0,2.0,2.0,1.0,4.0,2.0,3.0,2.0,3.0,3.0,3.0,3.0,2.0,2.0,3
488,2.0,4.0,3.0,5.0,4.0,3.0,5.0,3.0,3.0,5.0,5.0,4.0,3.0,1.0,3.0,2
489,2.0,2.0,2.0,1.0,1.0,2.0,5.0,3.0,5.0,2.0,5.0,5.0,1.0,1.0,5.0,2
490,3.0,2.0,2.0,2.0,3.0,3.0,2.0,5.0,1.0,1.0,2.0,1.0,5.0,4.0,3.0,0
491,3.0,2.0,2.0,2.0,2.0,4.0,4.0,3.0,2.0,2.0,3.0,1.0,5.0,1.0,1.0,5
492,3.0,3.0,1.0,4.0,4.0,2.0,5.0,1.0,2.0,3.0,4.0,5.0,3.0,2.0,4.0,2
493,4.0,1.0,2.0,2.0,1.0,5.0,3.0,5.0,2.0,2.0,3.0,3.0,4.0,2.0,4.0,3
494,2.0,2.0,1.0,2.0,4.0,2.0,5.0,1.0,4.0,5.0,4.0,5.0,2.0,1.0,4.0,2
495,2.0,1.0,2.0,2.0,2.0,3.0,5.0,2.0,2.0,1.0,5.0,5.0,2.0,2.0,3.0,2
496,3.0,2.0,4.0,5.0,4.0,3.0,3.0,2.0,2.0,2.0,4.0,3.0,4.0,2.0,3.0,1
497,3.0,3.0,3.0,4.0,4.0,5.0,5.0,1.0,3.0,5.0,5.0,1.0,4.0,1.0,2.0,0
498,3.0,2.0,1.0,3.0,2.0,2.0,4.0,1.0,3.0,2.0,3.0,5.0,3.0,1.0,5.0,2
499,2.0,4.0,2.0,3.0,2.0,4.0,4.0,1.0,3.0,1.0,3.0,3.0,1.0,3.0,5.0,1
500,3.0,5.0,2.0,4.0,2.0,2.0,4.0,1.0,2.0,2.0,4.0,5.0,4.0,4.0,3.0,4
501,4.0,5.0,3.0,4.0,2.0,4.0,4.0,2.0,2.0,4.0,4.0,2.0,5.0,2.0,3.0,4
502,4.0,3.0,2.0,4.0,2.0,2.0,5.0,3.0,3.0,4.0,5.0,3.0,1.0,3.0,4.0,4
503,2.0,2.0,1.0,5.0,5.0,4.0,4.0,1.0,1.0,1.0,2.0,1.0,4.0,5.0,1.0,1
504,5.0,1.0,1.0,2.0,2.0,5.0,1.0,5.0,2.0,1.0,2.0,2.0,2.0,1.0,4.0,5
505,3.0,4.0,2.0,2.0,2.0,3.0,5.0,3.0,3.0,2.0,4.0,4.0,2.0,1.0,4.0,0
506,2.0,1.0,1.0,1.0,1.0,2.0,2.0,5.0,1.0,1.0,1.0,2.0,1.0,2.0,3.0,3
507,3.0,4.0,3.0,3.0,4.0,2.0,2.0,2.0,5.0,4.0,4.0,4.0,4.0,1.0,5.0,4
510,5.0,3.0,3.0,4.0,4.0,4.0,4.0,4.0,4.0,4.0,3.0,3.0,3.0,2.0,4.0,4
511,3.0,1.0,2.0,3.0,2.0,3.0,3.0,4.0,4.0,4.0,3.0,3.0,2.0,1.0,4.0,0
513,3.0,1.0,1.0,2.0,3.0,3.0,4.0,3.0,2.0,1.0,3.0,3.0,3.0,3.0,3.0,3
514,1.0,5.0,5.0,2.0,2.0,3.0,5.0,1.0,2.0,1.0,5.0,3.0,2.0,1.0,2.0,1
515,4.0,3.0,3.0,3.0,4.0,4.0,5.0,1.0,2.0,3.0,3.0,4.0,2.0,1.0,5.0,0
516,5.0,3.0,1.0,2.0,3.0,5.0,4.0,5.0,3.0,2.0,3.0,3.0,2.0,4.0,5.0,3
517,3.0,1.0,1.0,4.0,4.0,4.0,4.0,4.0,3.0,1.0,1.0,3.0,4.0,4.0,5.0,0
518,4.0,2.0,2.0,3.0,2.0,5.0,4.0,4.0,3.0,3.0,2.0,2.0,5.0,4.0,3.0,0
519,4.0,3.0,1.0,2.0,1.0,1.0,2.0,4.0,4.0,2.0,2.0,2.0,2.0,4.0,5.0,3
520,3.0,1.0,2.0,2.0,2.0,4.0,2.0,4.0,4.0,2.0,2.0,2.0,4.0,2.0,3.0,5
521,5.0,5.0,1.0,5.0,4.0,5.0,3.0,3.0,3.0,4.0,4.0,2.0,5.0,3.0,4.0,4
522,4.0,2.0,2.0,3.0,3.0,4.0,3.0,3.0,3.0,3.0,3.0,3.0,4.0,4.0,3.0,0
523,5.0,2.0,1.0,2.0,1.0,1.0,3.0,2.0,3.0,3.0,4.0,2.0,2.0,3.0,5.0,3
525,3.0,3.0,3.0,3.0,3.0,3.0,5.0,3.0,3.0,3.0,3.0,3.0,3.0,1.0,3.0,0
526,3.0,1.0,1.0,2.0,2.0,4.0,4.0,5.0,5.0,3.0,4.0,3.0,3.0,1.0,4.0,0
528,3.0,1.0,1.0,5.0,3.0,5.0,5.0,5.0,1.0,3.0,5.0,1.0,1.0,3.0,2.0,0
529,1.0,2.0,2.0,2.0,1.0,3.0,5.0,1.0,1.0,2.0,3.0,4.0,3.0,1.0,3.0,1
530,3.0,5.0,2.0,3.0,3.0,5.0,2.0,1.0,1.0,1.0,1.0,4.0,3.0,1.0,4.0,5
531,2.0,5.0,4.0,5.0,2.0,2.0,5.0,1.0,2.0,3.0,5.0,5.0,2.0,1.0,2.0,2
532,4.0,2.0,1.0,3.0,3.0,4.0,4.0,2.0,4.0,5.0,3.0,3.0,4.0,4.0,3.0,0
533,3.0,1.0,2.0,2.0,2.0,3.0,5.0,2.0,2.0,3.0,5.0,5.0,3.0,3.0,5.0,4
535,3.0,3.0,4.0,4.0,4.0,5.0,5.0,4.0,3.0,4.0,5.0,1.0,4.0,4.0,5.0,4
536,2.0,1.0,1.0,1.0,2.0,4.0,2.0,5.0,3.0,1.0,1.0,1.0,3.0,5.0,5.0,3
537,3.0,2.0,1.0,4.0,3.0,3.0,4.0,3.0,3.0,1.0,3.0,5.0,1.0,2.0,4.0,2
538,3.0,2.0,1.0,3.0,3.0,4.0,4.0,4.0,2.0,1.0,3.0,3.0,3.0,3.0,1.0,5
539,3.0,2.0,2.0,5.0,1.0,4.0,5.0,1.0,1.0,1.0,3.0,4.0,1.0,1.0,4.0,1
540,3.0,5.0,1.0,5.0,5.0,5.0,5.0,4.0,4.0,2.0,5.0,3.0,3.0,3.0,3.0,4
541,3.0,2.0,2.0,2.0,3.0,3.0,2.0,4.0,3.0,2.0,2.0,2.0,3.0,1.0,4.0,5
542,5.0,2.0,1.0,2.0,2.0,4.0,4.0,5.0,5.0,4.0,3.0,5.0,4.0,2.0,5.0,0
543,4.0,1.0,1.0,4.0,2.0,4.0,4.0,3.0,2.0,5.0,4.0,4.0,4.0,4.0,2.0,0
544,2.0,3.0,1.0,4.0,5.0,2.0,5.0,2.0,2.0,2.0,4.0,5.0,3.0,1.0,5.0,2
545,3.0,3.0,3.0,3.0,1.0,3.0,3.0,3.0,3.0,3.0,3.0,3.0,1.0,3.0,2.0,3
546,3.0,2.0,2.0,5.0,5.0,4.0,5.0,2.0,5.0,5.0,5.0,4.0,5.0,1.0,4.0,4
547,1.0,4.0,2.0,5.0,3.0,1.0,4.0,2.0,2.0,1.0,4.0,3.0,1.0,1.0,3.0,1
548,1.0,3.0,3.0,3.0,1.0,2.0,5.0,1.0,2.0,1.0,4.0,4.0,1.0,1.0,1.0,1
549,5.0,1.0,2.0,2.0,3.0,5.0,3.0,5.0,3.0,3.0,1.0,2.0,4.0,4.0,4.0,0
550,2.0,5.0,4.0,3.0,3.0,3.0,5.0,1.0,3.0,3.0,5.0,4.0,2.0,1.0,4.0,2
551,3.0,3.0,3.0,2.0,2.0,4.0,2.0,1.0,1.0,1.0,1.0,1.0,2.0,1.0,3.0,5
552,2.0,3.0,1.0,3.0,3.0,2.0,4.0,1.0,4.0,5.0,3.0,5.0,5.0,2.0,5.0,4
553,4.0,4.0,2.0,2.0,2.0,3.0,2.0,3.0,1.0,1.0,1.0,3.0,2.0,3.0,2.0,5
554,3.0,4.0,2.0,3.0,4.0,3.0,3.0,3.0,1.0,2.0,3.0,2.0,3.0,3.0,2.0,5
555,5.0,3.0,1.0,1.0,2.0,5.0,1.0,4.0,5.0,3.0,1.0,2.0,4.0,2.0,3.0,0
557,2.0,3.0,3.0,2.0,3.0,4.0,4.0,2.0,4.0,4.0,4.0,3.0,3.0,1.0,3.0,0
558,3.0,1.0,2.0,2.0,4.0,4.0,2.0,1.0,2.0,2.0,3.0,2.0,5.0,2.0,2.0,5
559,5.0,2.0,2.0,1.0,2.0,2.0,4.0,5.0,3.0,1.0,2.0,1.0,1.0,1.0,4.0,3
560,4.0,3.0,3.0,4.0,3.0,4.0,3.0,4.0,4.0,3.0,4.0,3.0,4.0,2.0,1.0,0
561,4.0,3.0,3.0,4.0,2.0,4.0,4.0,5.0,3.0,4.0,4.0,2.0,4.0,4.0,1.0,4
563,4.0,1.0,3.0,3.0,1.0,4.0,5.0,5.0,3.0,1.0,3.0,3.0,1.0,2.0,4.0,3
564,5.0,1.0,1.0,1.0,1.0,1.0,5.0,3.0,3.0,1.0,2.0,1.0,1.0,2.0,5.0,3
565,5.0,2.0,2.0,2.0,3.0,4.0,2.0,2.0,2.0,2.0,2.0,2.0,2.0,3.0,3.0,3
566,3.0,2.0,2.0,2.0,3.0,2.0,2.0,4.0,3.0,1.0,2.0,1.0,3.0,2.0,2.0,5
567,4.0,2.0,2.0,1.0,1.0,3.0,3.0,3.0,4.0,2.0,3.0,2.0,2.0,2.0,2.0,3
568,5.0,2.0,1.0,2.0,1.0,5.0,3.0,3.0,1.0,1.0,1.0,3.0,3.0,3.0,2.0,3
569,4.0,4.0,2.0,3.0,2.0,3.0,3.0,2.0,3.0,1.0,2.0,3.0,3.0,2.0,3.0,5
570,3.0,1.0,1.0,2.0,1.0,3.0,3.0,2.0,1.0,1.0,3.0,2.0,2.0,1.0,3.0,1
572,3.0,1.0,1.0,4.0,3.0,3.0,3.0,2.0,2.0,1.0,2.0,1.0,1.0,1.0,3.0,5
573,3.0,1.0,1.0,1.0,1.0,2.0,4.0,3.0,1.0,1.0,3.0,4.0,1.0,4.0,5.0,3
574,5.0,3.0,1.0,1.0,3.0,3.0,3.0,3.0,2.0,1.0,1.0,2.0,2.0,5.0,2.0,3
575,3.0,4.0,3.0,4.0,4.0,2.0,4.0,2.0,2.0,3.0,3.0,4.0,5.0,2.0,2.0,1
576,3.0,2.0,4.0,3.0,5.0,3.0,3.0,5.0,5.0,2.0,2.0,2.0,2.0,3.0,5.0,0
577,4.0,2.0,1.0,2.0,5.0,3.0,3.0,1.0,1.0,1.0,1.0,1.0,2.0,2.0,2.0,5
578,3.0,2.0,3.0,2.0,4.0,5.0,2.0,4.0,3.0,2.0,4.0,3.0,4.0,1.0,3.0,0
579,4.0,3.0,2.0,5.0,2.0,5.0,5.0,3.0,2.0,5.0,5.0,3.0,2.0,5.0,5.0,4
580,1.0,1.0,1.0,1.0,1.0,1.0,1.0,5.0,3.0,2.0,2.0,2.0,1.0,3.0,2.0,3
581,2.0,2.0,1.0,1.0,4.0,3.0,4.0,4.0,5.0,3.0,2.0,5.0,2.0,5.0,5.0,0
582,4.0,3.0,1.0,3.0,3.0,2.0,3.0,4.0,4.0,4.0,3.0,3.0,3.0,4.0,4.0,0
583,2.0,1.0,1.0,3.0,4.0,5.0,4.0,5.0,3.0,4.0,4.0,2.0,3.0,1.0,4.0,0
584,4.0,3.0,3.0,2.0,2.0,5.0,3.0,2.0,3.0,3.0,3.0,1.0,4.0,4.0,2.0,3
585,3.0,3.0,3.0,3.0,2.0,3.0,4.0,3.0,2.0,4.0,4.0,3.0,4.0,4.0,4.0,0
586,5.0,3.0,4.0,4.0,3.0,2.0,3.0,1.0,3.0,2.0,1.0,5.0,3.0,5.0,3.0,4
587,2.0,1.0,1.0,1.0,1.0,2.0,4.0,3.0,4.0,1.0,3.0,2.0,1.0,2.0,5.0,3
588,4.0,1.0,1.0,2.0,5.0,2.0,1.0,4.0,1.0,1.0,2.0,1.0,5.0,1.0,3.0,5
589,1.0,1.0,1.0,3.0,4.0,1.0,5.0,1.0,2.0,1.0,5.0,3.0,2.0,2.0,5.0,2
590,3.0,2.0,3.0,3.0,4.0,3.0,5.0,1.0,4.0,4.0,5.0,3.0,4.0,1.0,4.0,0
591,3.0,3.0,2.0,1.0,5.0,4.0,1.0,4.0,2.0,4.0,2.0,2.0,5.0,1.0,1.0,5
592,3.0,3.0,1.0,3.0,3.0,4.0,1.0,4.0,2.0,2.0,2.0,2.0,5.0,4.0,3.0,0
593,2.0,3.0,1.0,4.0,3.0,2.0,5.0,2.0,4.0,3.0,3.0,4.0,4.0,1.0,2.0,2
594,2.0,3.0,1.0,5.0,1.0,3.0,4.0,2.0,2.0,4.0,1.0,5.0,1.0,1.0,4.0,2
595,1.0,1.0,1.0,1.0,3.0,1.0,4.0,1.0,4.0,1.0,2.0,1.0,1.0,1.0,2.0,1
597,4.0,2.0,2.0,2.0,2.0,5.0,5.0,4.0,2.0,2.0,4.0,3.0,3.0,3.0,2.0,3
598,4.0,2.0,3.0,2.0,1.0,3.0,4.0,4.0,3.0,3.0,3.0,2.0,5.0,3.0,2.0,3
599,5.0,3.0,4.0,2.0,2.0,5.0,4.0,4.0,4.0,2.0,4.0,4.0,2.0,3.0,4.0,0
600,2.0,1.0,1.0,5.0,3.0,4.0,4.0,5.0,5.0,2.0,2.0,4.0,1.0,4.0,4.0,3
601,1.0,4.0,3.0,4.0,3.0,2.0,4.0,1.0,1.0,4.0,5.0,5.0,4.0,1.0,3.0,2
602,4.0,2.0,3.0,2.0,2.0,5.0,4.0,3.0,1.0,4.0,4.0,3.0,3.0,3.0,1.0,0
603,3.0,2.0,2.0,3.0,4.0,4.0,4.0,5.0,3.0,4.0,2.0,4.0,4.0,4.0,4.0,0
604,3.0,2.0,2.0,1.0,3.0,4.0,4.0,4.0,4.0,2.0,2.0,5.0,2.0,1.0,4.0,0
605,1.0,5.0,5.0,2.0,3.0,3.0,5.0,1.0,3.0,3.0,4.0,1.0,1.0,1.0,5.0,1
606,3.0,2.0,1.0,2.0,2.0,5.0,4.0,2.0,1.0,2.0,3.0,2.0,2.0,1.0,2.0,1
607,3.0,1.0,3.0,3.0,3.0,4.0,3.0,1.0,3.0,3.0,4.0,1.0,4.0,1.0,3.0,0
609,3.0,2.0,2.0,5.0,2.0,3.0,3.0,5.0,2.0,3.0,2.0,3.0,2.0,4.0,1.0,3
610,3.0,2.0,2.0,3.0,2.0,4.0,5.0,2.0,2.0,4.0,5.0,4.0,2.0,3.0,3.0,4
611,3.0,2.0,1.0,1.0,1.0,5.0,3.0,3.0,2.0,1.0,2.0,1.0,1.0,3.0,4.0,3
612,5.0,1.0,1.0,3.0,2.0,3.0,4.0,4.0,4.0,3.0,2.0,3.0,5.0,5.0,5.0,0
613,3.0,2.0,2.0,2.0,1.0,3.0,4.0,5.0,2.0,4.0,3.0,4.0,4.0,3.0,4.0,4
614,4.0,1.0,1.0,3.0,2.0,4.0,4.0,1.0,4.0,5.0,3.0,1.0,2.0,5.0,5.0,0
615,3.0,3.0,1.0,5.0,4.0,4.0,5.0,2.0,2.0,5.0,3.0,5.0,3.0,3.0,5.0,4
616,4.0,1.0,5.0,4.0,1.0,3.0,5.0,1.0,4.0,3.0,5.0,1.0,4.0,4.0,3.0,0
617,3.0,2.0,4.0,5.0,5.0,3.0,4.0,1.0,2.0,2.0,1.0,1.0,5.0,1.0,5.0,1
618,5.0,4.0,2.0,5.0,5.0,5.0,5.0,5.0,5.0,5.0,1.0,3.0,5.0,1.0,5.0,4
619,3.0,3.0,1.0,5.0,4.0,3.0,3.0,3.0,2.0,3.0,3.0,2.0,3.0,2.0,3.0,1
620,2.0,1.0,1.0,5.0,2.0,4.0,4.0,4.0,1.0,1.0,3.0,3.0,2.0,2.0,5.0,3
621,4.0,1.0,2.0,2.0,2.0,1.0,3.0,1.0,1.0,1.0,2.0,5.0,2.0,5.0,5.0,3
622,5.0,4.0,4.0,5.0,5.0,5.0,4.0,3.0,4.0,4.0,5.0,3.0,3.0,4.0,5.0,4
623,2.0,3.0,3.0,1.0,1.0,1.0,2.0,5.0,4.0,3.0,2.0,1.0,1.0,1.0,5.0,3
624,3.0,1.0,2.0,1.0,2.0,5.0,5.0,4.0,2.0,2.0,4.0,1.0,2.0,1.0,2.0,5
625,5.0,3.0,2.0,3.0,3.0,5.0,2.0,4.0,1.0,2.0,4.0,3.0,5.0,2.0,3.0,0
626,4.0,2.0,2.0,1.0,1.0,3.0,3.0,4.0,4.0,4.0,2.0,2.0,3.0,4.0,3.0,3
627,4.0,4.0,3.0,1.0,4.0,2.0,1.0,1.0,2.0,3.0,3.0,4.0,3.0,2.0,1.0,1
628,3.0,1.0,1.0,2.0,2.0,3.0,5.0,4.0,4.0,3.0,3.0,3.0,3.0,2.0,4.0,0
629,5.0,3.0,2.0,2.0,2.0,4.0,4.0,5.0,3.0,2.0,2.0,2.0,5.0,3.0,5.0,0
630,4.0,1.0,3.0,2.0,3.0,5.0,4.0,4.0,5.0,4.0,4.0,2.0,5.0,5.0,1.0,0
631,5.0,2.0,1.0,4.0,5.0,4.0,5.0,2.0,2.0,3.0,2.0,3.0,5.0,3.0,3.0,0
632,4.0,3.0,2.0,2.0,2.0,4.0,3.0,5.0,2.0,2.0,3.0,3.0,2.0,4.0,4.0,3
633,3.0,5.0,3.0,1.0,1.0,4.0,3.0,2.0,3.0,3.0,2.0,1.0,3.0,1.0,2.0,3
634,3.0,4.0,2.0,4.0,4.0,4.0,3.0,4.0,3.0,4.0,3.0,4.0,3.0,2.0,3.0,4
635,4.0,4.0,2.0,3.0,4.0,4.0,4.0,2.0,4.0,4.0,4.0,1.0,4.0,1.0,1.0,0
636,3.0,5.0,4.0,3.0,3.0,4.0,4.0,5.0,5.0,3.0,5.0,5.0,5.0,3.0,4.0,4
637,2.0,3.0,2.0,4.0,3.0,5.0,5.0,2.0,1.0,2.0,2.0,1.0,1.0,2.0,5.0,1
638,3.0,3.0,2.0,2.0,5.0,5.0,5.0,4.0,4.0,3.0,4.0,3.0,3.0,1.0,2.0,4
639,2.0,1.0,2.0,1.0,1.0,1.0,5.0,1.0,2.0,5.0,5.0,5.0,1.0,1.0,3.0,2
640,5.0,2.0,2.0,4.0,3.0,5.0,5.0,5.0,2.0,1.0,1.0,1.0,1.0,1.0,4.0,5
641,3.0,3.0,3.0,3.0,3.0,4.0,3.0,5.0,4.0,3.0,3.0,3.0,3.0,3.0,3.0,0
642,4.0,4.0,2.0,5.0,5.0,3.0,3.0,2.0,2.0,1.0,1.0,3.0,3.0,3.0,2.0,1
644,3.0,3.0,2.0,2.0,2.0,5.0,4.0,4.0,4.0,2.0,2.0,1.0,3.0,1.0,2.0,3
645,4.0,2.0,1.0,4.0,4.0,3.0,2.0,4.0,2.0,3.0,2.0,4.0,4.0,5.0,5.0,0
646,3.0,1.0,2.0,3.0,4.0,4.0,4.0,3.0,2.0,2.0,3.0,1.0,3.0,2.0,3.0,0
647,3.0,1.0,3.0,5.0,4.0,5.0,3.0,5.0,2.0,4.0,5.0,3.0,5.0,1.0,1.0,0
648,5.0,5.0,2.0,2.0,5.0,4.0,3.0,3.0,2.0,2.0,4.0,1.0,5.0,2.0,4.0,0
649,5.0,2.0,2.0,2.0,2.0,3.0,3.0,4.0,4.0,4.0,4.0,3.0,3.0,2.0,4.0,0
650,4.0,1.0,1.0,1.0,2.0,4.0,2.0,4.0,2.0,1.0,2.0,1.0,2.0,3.0,3.0,3
651,4.0,2.0,2.0,3.0,2.0,3.0,3.0,4.0,3.0,3.0,3.0,3.0,4.0,4.0,3.0,0
652,3.0,2.0,1.0,3.0,1.0,5.0,4.0,1.0,1.0,1.0,2.0,1.0,2.0,1.0,3.0,1
653,3.0,2.0,2.0,3.0,2.0,3.0,5.0,1.0,3.0,4.0,5.0,2.0,4.0,1.0,3.0,0
654,4.0,3.0,2.0,3.0,2.0,5.0,3.0,3.0,2.0,2.0,2.0,2.0,4.0,3.0,2.0,3
655,3.0,2.0,2.0,2.0,2.0,3.0,5.0,3.0,4.0,2.0,3.0,3.0,2.0,4.0,3.0,3
656,2.0,2.0,2.0,4.0,2.0,2.0,5.0,2.0,1.0,4.0,4.0,3.0,1.0,1.0,4.0,2
657,4.0,1.0,1.0,1.0,3.0,5.0,3.0,4.0,2.0,1.0,2.0,2.0,2.0,1.0,4.0,5
658,5.0,2.0,2.0,3.0,2.0,2.0,2.0,5.0,2.0,3.0,2.0,3.0,2.0,4.0,4.0,3
659,2.0,1.0,1.0,3.0,3.0,4.0,5.0,2.0,1.0,3.0,3.0,5.0,2.0,1.0,3.0,1
660,2.0,2.0,1.0,3.0,1.0,4.0,5.0,3.0,5.0,4.0,3.0,3.0,2.0,1.0,4.0,0
661,3.0,1.0,1.0,2.0,3.0,3.0,1.0,2.0,1.0,1.0,1.0,1.0,1.0,2.0,4.0,5
662,3.0,2.0,2.0,1.0,3.0,4.0,4.0,3.0,4.0,1.0,3.0,1.0,1.0,2.0,3.0,3
664,3.0,4.0,4.0,3.0,4.0,1.0,2.0,1.0,2.0,3.0,4.0,3.0,5.0,1.0,3.0,1
665,1.0,2.0,1.0,3.0,1.0,2.0,5.0,5.0,5.0,3.0,5.0,5.0,3.0,4.0,3.0,2
666,2.0,1.0,2.0,2.0,2.0,2.0,5.0,1.0,1.0,1.0,4.0,5.0,1.0,1.0,5.0,2
667,2.0,1.0,1.0,5.0,3.0,1.0,2.0,5.0,4.0,4.0,1.0,2.0,2.0,1.0,2.0,0
668,1.0,2.0,3.0,4.0,2.0,2.0,5.0,2.0,2.0,4.0,5.0,5.0,4.0,1.0,3.0,2
669,4.0,2.0,3.0,3.0,4.0,3.0,3.0,4.0,3.0,3.0,3.0,4.0,4.0,4.0,4.0,0
670,3.0,2.0,2.0,2.0,3.0,3.0,3.0,2.0,3.0,3.0,2.0,2.0,5.0,2.0,3.0,5
671,3.0,3.0,3.0,2.0,3.0,3.0,3.0,4.0,4.0,4.0,4.0,4.0,4.0,4.0,2.0,4
672,2.0,4.0,2.0,5.0,5.0,4.0,4.0,1.0,1.0,3.0,2.0,3.0,3.0,1.0,1.0,2
673,2.0,2.0,1.0,3.0,4.0,5.0,4.0,3.0,2.0,4.0,4.0,3.0,4.0,1.0,3.0,0
674,3.0,3.0,1.0,3.0,1.0,3.0,5.0,4.0,1.0,1.0,3.0,1.0,3.0,1.0,2.0,5
675,3.0,3.0,3.0,3.0,5.0,5.0,4.0,2.0,2.0,2.0,3.0,1.0,3.0,3.0,3.0,0
676,2.0,2.0,1.0,2.0,2.0,1.0,2.0,2.0,1.0,2.0,1.0,5.0,2.0,2.0,2.0,1
677,3.0,2.0,1.0,3.0,3.0,4.0,3.0,3.0,3.0,2.0,3.0,1.0,4.0,1.0,2.0,5
678,2.0,3.0,3.0,3.0,3.0,2.0,5.0,1.0,5.0,3.0,4.0,4.0,4.0,1.0,1.0,2
679,2.0,2.0,1.0,2.0,2.0,1.0,5.0,3.0,5.0,4.0,5.0,5.0,2.0,3.0,2.0,2
680,4.0,3.0,4.0,2.0,4.0,5.0,5.0,5.0,5.0,2.0,5.0,2.0,5.0,5.0,3.0,0
681,4.0,3.0,2.0,4.0,4.0,3.0,5.0,4.0,5.0,4.0,3.0,4.0,4.0,4.0,3.0,4
682,4.0,2.0,3.0,3.0,3.0,4.0,4.0,3.0,4.0,3.0,4.0,3.0,2.0,5.0,4.0,0
683,2.0,5.0,5.0,3.0,3.0,5.0,5.0,3.0,3.0,3.0,5.0,1.0,5.0,1.0,3.0,4
684,5.0,1.0,1.0,2.0,3.0,5.0,4.0,4.0,2.0,2.0,3.0,2.0,4.0,1.0,3.0,5
685,3.0,2.0,3.0,3.0,4.0,4.0,3.0,4.0,3.0,4.0,4.0,1.0,4.0,3.0,2.0,5
686,4.0,4.0,4.0,4.0,3.0,4.0,4.0,3.0,3.0,3.0,3.0,3.0,3.0,3.0,3.0,0
688,4.0,3.0,1.0,3.0,4.0,4.0,5.0,3.0,1.0,1.0,2.0,1.0,4.0,1.0,2.0,5
689,3.0,1.0,2.0,2.0,1.0,4.0,4.0,4.0,2.0,2.0,2.0,2.0,4.0,3.0,3.0,3
690,4.0,1.0,2.0,3.0,2.0,2.0,4.0,3.0,3.0,3.0,4.0,4.0,3.0,3.0,5.0,4
691,4.0,2.0,2.0,2.0,3.0,3.0,4.0,4.0,2.0,4.0,5.0,5.0,4.0,2.0,4.0,4
692,2.0,3.0,3.0,3.0,3.0,4.0,5.0,4.0,3.0,4.0,4.0,4.0,2.0,2.0,5.0,4
693,3.0,2.0,2.0,3.0,2.0,4.0,3.0,4.0,3.0,3.0,3.0,3.0,4.0,4.0,2.0,0
694,3.0,3.0,4.0,5.0,2.0,3.0,5.0,3.0,3.0,5.0,5.0,1.0,5.0,4.0,3.0,4
695,4.0,2.0,2.0,3.0,5.0,5.0,4.0,5.0,3.0,4.0,4.0,4.0,4.0,3.0,3.0,4
697,3.0,1.0,1.0,3.0,3.0,4.0,5.0,3.0,1.0,1.0,2.0,2.0,3.0,1.0,2.0,5
698,5.0,4.0,1.0,3.0,3.0,5.0,3.0,5.0,5.0,3.0,2.0,2.0,5.0,2.0,5.0,0
699,4.0,3.0,1.0,2.0,3.0,5.0,3.0,3.0,3.0,2.0,2.0,1.0,5.0,2.0,3.0,5
700,3.0,3.0,2.0,1.0,1.0,1.0,4.0,4.0,2.0,1.0,2.0,1.0,4.0,1.0,3.0,5
701,5.0,4.0,3.0,4.0,2.0,2.0,2.0,2.0,2.0,3.0,3.0,2.0,3.0,5.0,3.0,4
702,1.0,3.0,3.0,5.0,2.0,4.0,5.0,1.0,1.0,2.0,3.0,3.0,3.0,1.0,5.0,1
703,3.0,3.0,3.0,3.0,2.0,3.0,4.0,3.0,5.0,3.0,3.0,3.0,3.0,1.0,5.0,0
704,4.0,2.0,1.0,2.0,4.0,5.0,5.0,4.0,5.0,2.0,4.0,3.0,5.0,2.0,5.0,0
705,5.0,1.0,2.0,4.0,3.0,3.0,5.0,3.0,5.0,4.0,4.0,5.0,3.0,3.0,4.0,4
706,4.0,2.0,3.0,3.0,4.0,5.0,4.0,4.0,3.0,2.0,1.0,3.0,2.0,3.0,5.0,0
707,2.0,2.0,1.0,3.0,4.0,3.0,4.0,2.0,2.0,2.0,3.0,4.0,2.0,2.0,2.0,1
708,2.0,1.0,1.0,2.0,3.0,5.0,3.0,5.0,4.0,1.0,1.0,4.0,1.0,4.0,2.0,3
709,3.0,2.0,2.0,2.0,2.0,3.0,5.0,4.0,3.0,4.0,4.0,5.0,4.0,2.0,5.0,4
710,4.0,3.0,3.0,2.0,2.0,5.0,4.0,4.0,5.0,3.0,2.0,2.0,2.0,1.0,3.0,3
711,3.0,3.0,4.0,2.0,2.0,4.0,4.0,2.0,4.0,2.0,4.0,1.0,4.0,1.0,1.0,0
712,2.0,2.0,2.0,2.0,4.0,4.0,3.0,1.0,1.0,3.0,2.0,2.0,4.0,1.0,3.0,5
713,3.0,4.0,4.0,3.0,3.0,3.0,4.0,4.0,5.0,5.0,5.0,5.0,4.0,2.0,4.0,4
714,5.0,3.0,3.0,1.0,3.0,3.0,5.0,4.0,5.0,1.0,3.0,3.0,3.0,3.0,3.0,0
715,2.0,3.0,3.0,3.0,4.0,2.0,5.0,1.0,4.0,3.0,3.0,2.0,3.0,1.0,3.0,0
716,2.0,4.0,5.0,5.0,3.0,2.0,3.0,4.0,5.0,3.0,3.0,2.0,2.0,3.0,2.0,3
717,1.0,1.0,1.0,4.0,3.0,4.0,4.0,1.0,1.0,3.0,3.0,3.0,1.0,1.0,4.0,1
719,3.0,1.0,3.0,3.0,1.0,5.0,3.0,2.0,3.0,2.0,2.0,2.0,2.0,3.0,2.0,3
720,4.0,2.0,1.0,5.0,3.0,3.0,2.0,4.0,4.0,5.0,3.0,5.0,4.0,2.0,1.0,4
721,3.0,5.0,1.0,5.0,3.0,4.0,4.0,1.0,1.0,3.0,3.0,4.0,3.0,1.0,3.0,2
722,3.0,3.0,2.0,5.0,3.0,5.0,5.0,4.0,3.0,5.0,4.0,5.0,5.0,2.0,4.0,4
723,4.0,2.0,3.0,3.0,4.0,5.0,4.0,2.0,1.0,4.0,3.0,2.0,2.0,1.0,2.0,0
724,5.0,3.0,3.0,2.0,5.0,5.0,3.0,3.0,3.0,3.0,4.0,2.0,5.0,2.0,2.0,0
725,4.0,2.0,2.0,4.0,1.0,4.0,2.0,4.0,1.0,4.0,2.0,4.0,3.0,3.0,5.0,3
726,2.0,4.0,2.0,1.0,1.0,5.0,2.0,5.0,5.0,3.0,2.0,1.0,2.0,4.0,4.0,3
727,2.0,1.0,3.0,1.0,1.0,5.0,5.0,2.0,2.0,3.0,3.0,1.0,5.0,5.0,4.0,3
728,5.0,1.0,3.0,2.0,5.0,5.0,2.0,5.0,2.0,2.0,3.0,3.0,2.0,3.0,5.0,0
729,2.0,2.0,2.0,5.0,4.0,4.0,5.0,4.0,4.0,3.0,5.0,4.0,3.0,3.0,4.0,4
730,1.0,2.0,1.0,3.0,3.0,1.0,5.0,3.0,3.0,4.0,2.0,4.0,1.0,1.0,3.0,3
731,3.0,2.0,2.0,3.0,2.0,4.0,4.0,4.0,3.0,4.0,4.0,5.0,3.0,2.0,4.0,4
732,2.0,1.0,1.0,4.0,2.0,3.0,3.0,4.0,3.0,4.0,3.0,2.0,3.0,2.0,2.0,0
733,3.0,5.0,5.0,5.0,4.0,3.0,4.0,1.0,4.0,4.0,4.0,3.0,5.0,1.0,3.0,2
734,3.0,4.0,5.0,5.0,5.0,3.0,2.0,1.0,2.0,3.0,3.0,2.0,4.0,1.0,1.0,1
735,1.0,3.0,2.0,4.0,2.0,1.0,1.0,1.0,1.0,1.0,2.0,1.0,1.0,1.0,1.0,1
736,5.0,2.0,4.0,5.0,5.0,4.0,5.0,2.0,2.0,4.0,5.0,2.0,5.0,2.0,4.0,4
737,3.0,2.0,1.0,3.0,4.0,3.0,4.0,1.0,1.0,4.0,5.0,4.0,4.0,3.0,2.0,2
739,3.0,3.0,4.0,4.0,4.0,4.0,5.0,1.0,2.0,2.0,5.0,2.0,3.0,3.0,5.0,0
740,5.0,2.0,2.0,2.0,2.0,4.0,4.0,5.0,2.0,3.0,3.0,3.0,3.0,2.0,4.0,0
741,3.0,5.0,1.0,5.0,3.0,3.0,3.0,1.0,2.0,5.0,4.0,4.0,4.0,1.0,4.0,2
742,1.0,3.0,4.0,5.0,3.0,2.0,4.0,3.0,4.0,2.0,3.0,4.0,5.0,5.0,5.0,4
743,2.0,2.0,2.0,2.0,2.0,2.0,4.0,3.0,3.0,3.0,3.0,4.0,2.0,1.0,4.0,4
747,4.0,3.0,1.0,5.0,4.0,4.0,2.0,5.0,4.0,5.0,2.0,5.0,3.0,3.0,2.0,4
748,3.0,3.0,3.0,5.0,4.0,3.0,4.0,3.0,3.0,3.0,3.0,3.0,3.0,3.0,4.0,1
749,2.0,4.0,4.0,1.0,1.0,1.0,5.0,1.0,1.0,3.0,5.0,5.0,1.0,1.0,2.0,1
750,5.0,5.0,2.0,5.0,3.0,3.0,3.0,5.0,1.0,5.0,4.0,5.0,5.0,1.0,3.0,4
751,2.0,4.0,1.0,5.0,5.0,5.0,5.0,1.0,2.0,3.0,3.0,3.0,4.0,2.0,4.0,2
752,5.0,2.0,1.0,3.0,4.0,5.0,3.0,4.0,2.0,4.0,2.0,2.0,5.0,4.0,3.0,0
753,3.0,2.0,2.0,4.0,3.0,3.0,4.0,1.0,3.0,2.0,5.0,5.0,3.0,1.0,5.0,2
754,2.0,1.0,3.0,2.0,1.0,4.0,3.0,4.0,3.0,3.0,3.0,2.0,4.0,3.0,5.0,3
755,2.0,2.0,3.0,3.0,3.0,3.0,5.0,1.0,4.0,4.0,5.0,2.0,3.0,1.0,3.0,0
757,5.0,3.0,3.0,5.0,5.0,2.0,3.0,5.0,5.0,5.0,3.0,2.0,5.0,5.0,5.0,4
758,4.0,1.0,1.0,2.0,1.0,3.0,1.0,3.0,1.0,1.0,2.0,2.0,1.0,5.0,3.0,3
759,5.0,4.0,3.0,5.0,5.0,5.0,4.0,3.0,3.0,4.0,5.0,4.0,4.0,2.0,4.0,4
760,5.0,2.0,2.0,2.0,2.0,5.0,5.0,2.0,3.0,2.0,4.0,4.0,2.0,3.0,4.0,0
761,3.0,1.0,1.0,1.0,1.0,4.0,1.0,5.0,5.0,1.0,1.0,3.0,1.0,2.0,5.0,3
762,4.0,1.0,1.0,1.0,1.0,3.0,3.0,4.0,5.0,1.0,3.0,5.0,1.0,3.0,5.0,3
763,3.0,2.0,1.0,3.0,3.0,3.0,5.0,1.0,1.0,3.0,3.0,4.0,1.0,3.0,3.0,3
764,3.0,1.0,2.0,3.0,4.0,5.0,3.0,2.0,2.0,3.0,3.0,2.0,4.0,1.0,2.0,5
765,2.0,1.0,2.0,4.0,3.0,4.0,5.0,2.0,2.0,3.0,5.0,4.0,2.0,2.0,3.0,4
766,5.0,5.0,5.0,4.0,4.0,4.0,4.0,4.0,4.0,4.0,5.0,3.0,4.0,4.0,5.0,4
767,2.0,3.0,4.0,3.0,3.0,2.0,2.0,2.0,2.0,3.0,4.0,4.0,3.0,2.0,3.0,1
768,3.0,1.0,2.0,3.0,1.0,4.0,3.0,5.0,3.0,3.0,3.0,3.0,3.0,3.0,4.0,3
769,3.0,3.0,3.0,3.0,3.0,3.0,3.0,3.0,3.0,3.0,3.0,3.0,3.0,3.0,4.0,0
770,1.0,1.0,1.0,1.0,1.0,1.0,1.0,1.0,1.0,1.0,1.0,1.0,1.0,1.0,4.0,1
771,2.0,4.0,4.0,4.0,2.0,3.0,5.0,2.0,3.0,2.0,3.0,2.0,2.0,1.0,4.0,1
772,3.0,1.0,2.0,4.0,3.0,4.0,2.0,4.0,1.0,1.0,4.0,2.0,4.0,1.0,2.0,0
773,4.0,2.0,2.0,2.0,2.0,3.0,5.0,4.0,3.0,5.0,4.0,4.0,4.0,2.0,4.0,4
774,2.0,1.0,1.0,4.0,3.0,2.0,2.0,2.0,2.0,3.0,3.0,2.0,3.0,1.0,3.0,0
775,2.0,1.0,1.0,4.0,3.0,3.0,4.0,4.0,2.0,2.0,3.0,4.0,4.0,5.0,5.0,0
777,3.0,1.0,2.0,3.0,2.0,5.0,3.0,5.0,3.0,3.0,3.0,3.0,3.0,3.0,3.0,3
778,2.0,1.0,1.0,1.0,3.0,5.0,2.0,3.0,2.0,1.0,2.0,1.0,1.0,1.0,5.0,5
779,3.0,3.0,4.0,4.0,4.0,3.0,3.0,4.0,2.0,5.0,3.0,4.0,2.0,3.0,5.0,4
780,3.0,1.0,2.0,2.0,3.0,4.0,4.0,3.0,3.0,3.0,3.0,2.0,4.0,4.0,3.0,0
781,4.0,1.0,2.0,3.0,2.0,3.0,3.0,1.0,1.0,4.0,4.0,1.0,3.0,2.0,1.0,0
782,2.0,3.0,4.0,4.0,4.0,3.0,5.0,2.0,5.0,5.0,5.0,5.0,4.0,2.0,4.0,4
783,2.0,5.0,2.0,4.0,5.0,4.0,5.0,2.0,3.0,3.0,3.0,2.0,3.0,4.0,5.0,2
784,4.0,3.0,1.0,4.0,4.0,4.0,3.0,3.0,3.0,5.0,2.0,2.0,3.0,4.0,5.0,0
785,3.0,3.0,3.0,3.0,4.0,5.0,2.0,4.0,3.0,3.0,2.0,3.0,3.0,1.0,3.0,0
786,3.0,2.0,2.0,4.0,3.0,4.0,5.0,2.0,2.0,5.0,5.0,4.0,4.0,3.0,3.0,4
787,2.0,2.0,1.0,2.0,4.0,5.0,2.0,5.0,3.0,2.0,3.0,3.0,3.0,3.0,5.0,0
788,2.0,1.0,2.0,3.0,3.0,4.0,3.0,4.0,4.0,2.0,2.0,4.0,3.0,1.0,3.0,0
789,4.0,3.0,3.0,5.0,3.0,5.0,4.0,4.0,1.0,1.0,1.0,3.0,3.0,4.0,5.0,0
790,3.0,2.0,2.0,4.0,1.0,2.0,5.0,2.0,1.0,1.0,5.0,5.0,1.0,4.0,1.0,3
791,3.0,1.0,1.0,3.0,1.0,3.0,2.0,4.0,3.0,5.0,3.0,4.0,3.0,3.0,2.0,3
792,3.0,2.0,2.0,3.0,1.0,3.0,4.0,4.0,3.0,3.0,1.0,1.0,3.0,3.0,4.0,3
793,3.0,1.0,2.0,3.0,3.0,3.0,2.0,5.0,3.0,4.0,3.0,3.0,4.0,4.0,4.0,0
794,3.0,1.0,1.0,1.0,1.0,5.0,2.0,5.0,1.0,1.0,1.0,1.0,1.0,1.0,2.0,5
795,5.0,1.0,5.0,1.0,5.0,1.0,5.0,1.0,5.0,1.0,5.0,1.0,5.0,1.0,5.0,0
796,3.0,2.0,2.0,4.0,3.0,5.0,1.0,4.0,4.0,2.0,4.0,3.0,4.0,2.0,2.0,0
797,5.0,1.0,2.0,3.0,4.0,2.0,2.0,5.0,2.0,2.0,2.0,2.0,1.0,3.0,4.0,3
798,3.0,2.0,1.0,4.0,3.0,4.0,5.0,3.0,3.0,2.0,2.0,3.0,2.0,2.0,2.0,0
799,1.0,2.0,3.0,4.0,5.0,2.0,4.0,1.0,1.0,2.0,4.0,4.0,2.0,2.0,2.0,2
800,4.0,1.0,1.0,2.0,4.0,4.0,3.0,4.0,1.0,1.0,3.0,1.0,1.0,1.0,2.0,5
801,5.0,1.0,1.0,1.0,1.0,4.0,5.0,1.0,1.0,1.0,5.0,3.0,1.0,4.0,5.0,3
802,5.0,3.0,2.0,2.0,2.0,5.0,4.0,5.0,3.0,1.0,3.0,3.0,2.0,4.0,3.0,3
803,2.0,1.0,1.0,2.0,4.0,3.0,5.0,1.0,1.0,2.0,3.0,2.0,1.0,1.0,3.0,1
804,4.0,1.0,1.0,4.0,4.0,5.0,5.0,4.0,4.0,4.0,4.0,2.0,2.0,2.0,1.0,0
805,4.0,3.0,1.0,3.0,5.0,5.0,5.0,3.0,4.0,2.0,5.0,4.0,3.0,3.0,4.0,4
806,1.0,1.0,1.0,1.0,1.0,1.0,1.0,1.0,1.0,1.0,1.0,1.0,1.0,1.0,4.0,1
807,1.0,3.0,3.0,5.0,5.0,3.0,2.0,1.0,1.0,1.0,3.0,1.0,1.0,1.0,3.0,1
808,3.0,1.0,2.0,3.0,2.0,5.0,5.0,3.0,2.0,1.0,2.0,2.0,2.0,3.0,4.0,3
809,4.0,1.0,1.0,2.0,1.0,2.0,2.0,4.0,1.0,1.0,3.0,1.0,1.0,1.0,5.0,3
810,2.0,3.0,4.0,5.0,5.0,1.0,5.0,1.0,3.0,4.0,5.0,4.0,2.0,1.0,5.0,2
811,2.0,3.0,3.0,4.0,2.0,3.0,5.0,3.0,2.0,3.0,4.0,4.0,2.0,1.0,3.0,2
812,1.0,1.0,1.0,1.0,1.0,1.0,1.0,2.0,1.0,1.0,2.0,1.0,1.0,1.0,5.0,1
813,2.0,1.0,1.0,1.0,1.0,2.0,2.0,2.0,1.0,1.0,3.0,1.0,1.0,1.0,4.0,1
815,2.0,3.0,4.0,3.0,1.0,2.0,5.0,5.0,4.0,4.0,5.0,2.0,4.0,2.0,5.0,4
816,3.0,3.0,1.0,4.0,3.0,4.0,5.0,4.0,4.0,5.0,5.0,5.0,4.0,3.0,4.0,4
817,1.0,1.0,1.0,1.0,2.0,5.0,5.0,5.0,4.0,4.0,5.0,1.0,1.0,1.0,4.0,0
818,3.0,3.0,1.0,4.0,1.0,4.0,4.0,2.0,1.0,1.0,3.0,3.0,1.0,4.0,3.0,1
819,3.0,1.0,2.0,2.0,1.0,4.0,2.0,3.0,2.0,1.0,1.0,2.0,5.0,2.0,2.0,5
820,2.0,2.0,2.0,4.0,5.0,3.0,5.0,4.0,4.0,4.0,4.0,5.0,3.0,1.0,4.0,4
821,2.0,2.0,2.0,5.0,4.0,4.0,5.0,1.0,3.0,4.0,5.0,5.0,2.0,1.0,4.0,2
822,3.0,1.0,1.0,2.0,3.0,5.0,4.0,5.0,4.0,3.0,3.0,3.0,4.0,1.0,5.0,0
823,3.0,2.0,2.0,3.0,1.0,3.0,2.0,5.0,2.0,2.0,1.0,3.0,3.0,3.0,1.0,3
824,1.0,1.0,2.0,5.0,1.0,3.0,5.0,1.0,3.0,2.0,5.0,3.0,2.0,1.0,3.0,2
825,1.0,3.0,1.0,4.0,2.0,2.0,5.0,1.0,2.0,2.0,2.0,4.0,2.0,1.0,4.0,2
826,3.0,3.0,1.0,4.0,4.0,4.0,5.0,3.0,3.0,5.0,5.0,3.0,4.0,1.0,3.0,0
827,3.0,4.0,3.0,4.0,5.0,4.0,5.0,2.0,4.0,3.0,5.0,5.0,2.0,1.0,4.0,2
828,4.0,1.0,2.0,1.0,2.0,4.0,5.0,5.0,2.0,1.0,3.0,3.0,4.0,4.0,4.0,3
829,1.0,2.0,2.0,5.0,4.0,3.0,5.0,3.0,2.0,4.0,4.0,4.0,2.0,1.0,1.0,2
830,4.0,2.0,1.0,3.0,2.0,4.0,3.0,5.0,4.0,4.0,3.0,3.0,5.0,2.0,4.0,0
831,4.0,2.0,4.0,4.0,4.0,5.0,4.0,5.0,4.0,4.0,5.0,3.0,4.0,3.0,2.0,4
832,3.0,4.0,5.0,5.0,5.0,2.0,5.0,1.0,4.0,4.0,5.0,3.0,4.0,1.0,2.0,2
833,2.0,1.0,1.0,4.0,3.0,3.0,4.0,1.0,1.0,5.0,3.0,5.0,2.0,2.0,5.0,2
834,4.0,3.0,2.0,4.0,4.0,3.0,5.0,2.0,2.0,2.0,3.0,2.0,2.0,2.0,4.0,1
835,3.0,2.0,2.0,2.0,3.0,5.0,4.0,1.0,4.0,3.0,3.0,3.0,3.0,1.0,3.0,0
836,2.0,1.0,1.0,2.0,3.0,4.0,5.0,4.0,3.0,5.0,4.0,3.0,1.0,1.0,5.0,0
837,4.0,3.0,2.0,5.0,3.0,2.0,5.0,2.0,4.0,5.0,5.0,4.0,5.0,1.0,5.0,4
838,4.0,1.0,1.0,1.0,2.0,5.0,4.0,4.0,5.0,3.0,4.0,4.0,4.0,2.0,4.0,0
839,4.0,2.0,1.0,2.0,4.0,4.0,3.0,3.0,3.0,3.0,4.0,4.0,4.0,1.0,4.0,0
840,2.0,3.0,3.0,1.0,4.0,5.0,5.0,4.0,3.0,3.0,2.0,2.0,4.0,1.0,2.0,0
841,4.0,3.0,3.0,2.0,1.0,4.0,4.0,5.0,2.0,2.0,2.0,3.0,2.0,5.0,5.0,3
842,4.0,2.0,1.0,3.0,3.0,4.0,5.0,1.0,3.0,2.0,2.0,5.0,2.0,2.0,1.0,0
843,4.0,2.0,3.0,3.0,3.0,4.0,4.0,5.0,3.0,2.0,2.0,1.0,3.0,3.0,3.0,0
844,2.0,5.0,4.0,5.0,5.0,2.0,3.0,2.0,3.0,5.0,4.0,4.0,3.0,4.0,4.0,4
845,3.0,1.0,1.0,1.0,3.0,5.0,1.0,4.0,2.0,2.0,1.0,1.0,3.0,1.0,3.0,5
846,5.0,2.0,2.0,3.0,3.0,4.0,2.0,4.0,2.0,4.0,2.0,2.0,3.0,5.0,4.0,3
847,3.0,4.0,2.0,5.0,5.0,5.0,5.0,1.0,4.0,4.0,5.0,5.0,2.0,1.0,5.0,2
848,2.0,1.0,1.0,3.0,1.0,3.0,5.0,1.0,4.0,2.0,3.0,5.0,1.0,2.0,5.0,2
849,1.0,4.0,4.0,5.0,3.0,2.0,2.0,1.0,2.0,4.0,2.0,1.0,3.0,1.0,4.0,1
850,4.0,1.0,2.0,3.0,4.0,4.0,2.0,4.0,4.0,3.0,3.0,1.0,1.0,1.0,2.0,5
851,3.0,1.0,1.0,2.0,2.0,2.0,2.0,5.0,3.0,2.0,2.0,2.0,2.0,5.0,5.0,3
852,2.0,1.0,2.0,2.0,1.0,2.0,2.0,5.0,3.0,2.0,2.0,2.0,3.0,3.0,4.0,3
853,4.0,4.0,2.0,3.0,4.0,3.0,3.0,2.0,3.0,2.0,2.0,2.0,3.0,1.0,1.0,5
854,4.0,2.0,1.0,1.0,2.0,3.0,3.0,5.0,3.0,3.0,2.0,2.0,2.0,1.0,5.0,3
855,5.0,3.0,3.0,3.0,2.0,5.0,4.0,5.0,4.0,2.0,3.0,2.0,4.0,4.0,4.0,0
856,3.0,2.0,1.0,3.0,4.0,4.0,5.0,3.0,3.0,5.0,3.0,2.0,4.0,3.0,4.0,0
857,4.0,2.0,3.0,3.0,5.0,4.0,3.0,2.0,3.0,3.0,3.0,4.0,2.0,5.0,2.0,1
859,4.0,4.0,2.0,3.0,3.0,4.0,3.0,5.0,3.0,3.0,3.0,2.0,3.0,4.0,5.0,0
860,4.0,3.0,3.0,3.0,3.0,3.0,4.0,4.0,3.0,3.0,1.0,3.0,2.0,5.0,5.0,0
861,3.0,2.0,1.0,3.0,1.0,3.0,5.0,1.0,3.0,3.0,3.0,4.0,1.0,2.0,4.0,2
862,4.0,2.0,2.0,3.0,2.0,5.0,4.0,4.0,3.0,4.0,2.0,3.0,5.0,4.0,4.0,0
863,3.0,2.0,2.0,4.0,4.0,3.0,2.0,2.0,2.0,3.0,3.0,4.0,1.0,5.0,2.0,1
864,3.0,2.0,3.0,3.0,4.0,3.0,5.0,4.0,3.0,3.0,4.0,4.0,2.0,3.0,4.0,4
865,4.0,3.0,2.0,3.0,4.0,3.0,4.0,4.0,2.0,1.0,2.0,4.0,3.0,2.0,4.0,1
866,2.0,3.0,3.0,4.0,4.0,2.0,5.0,3.0,4.0,2.0,4.0,4.0,1.0,1.0,4.0,2
867,4.0,2.0,4.0,2.0,3.0,4.0,3.0,1.0,3.0,1.0,3.0,3.0,4.0,1.0,3.0,0
869,2.0,1.0,2.0,5.0,4.0,4.0,5.0,2.0,1.0,3.0,5.0,5.0,2.0,1.0,5.0,2
870,4.0,2.0,1.0,2.0,1.0,5.0,3.0,3.0,1.0,1.0,1.0,2.0,3.0,4.0,3.0,3
871,3.0,2.0,1.0,4.0,3.0,3.0,5.0,2.0,3.0,4.0,5.0,4.0,2.0,3.0,5.0,4
872,2.0,3.0,1.0,3.0,3.0,3.0,5.0,2.0,2.0,3.0,2.0,5.0,1.0,4.0,4.0,3
873,4.0,2.0,2.0,3.0,3.0,3.0,4.0,3.0,3.0,3.0,3.0,3.0,2.0,4.0,4.0,0
874,5.0,1.0,1.0,1.0,2.0,3.0,2.0,3.0,2.0,2.0,2.0,2.0,5.0,3.0,3.0,0
876,3.0,1.0,2.0,3.0,1.0,4.0,1.0,5.0,5.0,4.0,4.0,1.0,3.0,3.0,4.0,3
877,1.0,3.0,5.0,3.0,1.0,1.0,5.0,3.0,3.0,4.0,5.0,5.0,2.0,1.0,4.0,2
878,2.0,2.0,2.0,4.0,5.0,4.0,4.0,5.0,4.0,4.0,4.0,3.0,2.0,4.0,4.0,4
879,5.0,1.0,4.0,2.0,1.0,2.0,4.0,2.0,1.0,2.0,4.0,4.0,2.0,5.0,4.0,3
880,5.0,1.0,2.0,1.0,2.0,3.0,2.0,4.0,2.0,2.0,2.0,1.0,5.0,4.0,4.0,0
881,1.0,1.0,3.0,5.0,5.0,4.0,5.0,1.0,1.0,4.0,5.0,5.0,2.0,1.0,5.0,2
882,4.0,1.0,1.0,2.0,1.0,2.0,4.0,3.0,2.0,2.0,3.0,2.0,1.0,4.0,3.0,3
883,3.0,1.0,1.0,2.0,3.0,4.0,3.0,2.0,3.0,4.0,3.0,3.0,4.0,3.0,3.0,0
884,4.0,2.0,1.0,4.0,1.0,4.0,5.0,3.0,4.0,4.0,4.0,5.0,1.0,4.0,4.0,4
885,3.0,2.0,2.0,2.0,3.0,4.0,4.0,5.0,4.0,2.0,3.0,1.0,1.0,3.0,4.0,3
886,3.0,2.0,1.0,3.0,1.0,3.0,4.0,1.0,1.0,1.0,3.0,4.0,1.0,2.0,4.0,1
888,3.0,2.0,1.0,2.0,2.0,4.0,4.0,2.0,1.0,2.0,4.0,2.0,5.0,2.0,4.0,0
889,3.0,3.0,4.0,5.0,3.0,3.0,4.0,2.0,3.0,3.0,5.0,4.0,2.0,2.0,1.0,2
890,5.0,1.0,2.0,3.0,2.0,4.0,3.0,4.0,2.0,2.0,3.0,1.0,1.0,4.0,4.0,3
891,4.0,3.0,2.0,1.0,3.0,4.0,4.0,2.0,4.0,1.0,3.0,2.0,2.0,3.0,3.0,3
892,3.0,3.0,2.0,2.0,3.0,3.0,5.0,3.0,2.0,2.0,3.0,1.0,2.0,1.0,5.0,0
893,2.0,3.0,4.0,3.0,2.0,2.0,4.0,4.0,3.0,2.0,3.0,2.0,2.0,3.0,2.0,3
894,3.0,1.0,1.0,2.0,3.0,3.0,5.0,2.0,4.0,3.0,4.0,2.0,2.0,1.0,4.0,2
896,2.0,3.0,4.0,3.0,4.0,2.0,5.0,1.0,2.0,4.0,4.0,4.0,3.0,1.0,5.0,2
897,2.0,2.0,3.0,1.0,2.0,4.0,3.0,3.0,2.0,3.0,2.0,4.0,3.0,2.0,2.0,3
898,2.0,2.0,1.0,3.0,2.0,2.0,5.0,1.0,3.0,5.0,5.0,5.0,3.0,1.0,3.0,2
900,2.0,1.0,2.0,3.0,4.0,3.0,3.0,2.0,4.0,4.0,2.0,1.0,3.0,1.0,4.0,0
901,1.0,2.0,2.0,2.0,2.0,3.0,3.0,1.0,2.0,3.0,3.0,2.0,2.0,1.0,2.0,1
902,1.0,2.0,2.0,3.0,1.0,2.0,3.0,5.0,4.0,3.0,3.0,2.0,2.0,2.0,3.0,3
903,2.0,4.0,3.0,2.0,1.0,1.0,5.0,2.0,3.0,5.0,4.0,4.0,3.0,1.0,3.0,4
904,2.0,1.0,2.0,2.0,5.0,5.0,3.0,2.0,2.0,2.0,3.0,1.0,5.0,1.0,3.0,5
905,4.0,3.0,3.0,2.0,2.0,4.0,4.0,5.0,3.0,3.0,3.0,2.0,2.0,3.0,4.0,3
906,5.0,3.0,1.0,5.0,5.0,2.0,1.0,2.0,3.0,4.0,3.0,5.0,5.0,5.0,5.0,4
907,4.0,3.0,2.0,2.0,3.0,5.0,3.0,3.0,3.0,2.0,2.0,1.0,3.0,1.0,4.0,5
908,3.0,2.0,3.0,2.0,1.0,4.0,4.0,2.0,2.0,3.0,2.0,2.0,2.0,3.0,3.0,3
909,4.0,3.0,2.0,3.0,4.0,4.0,3.0,4.0,4.0,2.0,5.0,3.0,2.0,2.0,5.0,4
910,2.0,1.0,1.0,3.0,4.0,4.0,5.0,4.0,4.0,5.0,5.0,5.0,4.0,1.0,4.0,4
911,2.0,2.0,1.0,4.0,5.0,3.0,5.0,1.0,1.0,3.0,4.0,5.0,4.0,1.0,2.0,2
912,4.0,2.0,1.0,1.0,1.0,4.0,3.0,3.0,3.0,2.0,4.0,2.0,3.0,3.0,3.0,3
913,4.0,4.0,2.0,4.0,3.0,3.0,4.0,1.0,2.0,4.0,4.0,4.0,2.0,3.0,2.0,4
914,2.0,3.0,1.0,5.0,3.0,3.0,5.0,2.0,3.0,4.0,5.0,5.0,5.0,2.0,3.0,4
915,5.0,2.0,3.0,1.0,3.0,4.0,4.0,4.0,2.0,2.0,3.0,3.0,3.0,4.0,3.0,0
916,2.0,2.0,1.0,3.0,1.0,3.0,5.0,1.0,3.0,3.0,5.0,4.0,1.0,1.0,3.0,2
917,2.0,2.0,2.0,3.0,2.0,2.0,5.0,2.0,2.0,2.0,4.0,4.0,2.0,3.0,3.0,2
919,3.0,2.0,1.0,3.0,1.0,3.0,4.0,3.0,3.0,3.0,3.0,5.0,5.0,1.0,4.0,4
920,3.0,3.0,3.0,3.0,5.0,3.0,4.0,2.0,3.0,3.0,5.0,1.0,3.0,1.0,4.0,0
921,4.0,2.0,2.0,1.0,1.0,4.0,3.0,4.0,2.0,3.0,2.0,3.0,2.0,3.0,2.0,3
922,5.0,1.0,1.0,3.0,2.0,5.0,3.0,4.0,3.0,2.0,1.0,1.0,2.0,4.0,3.0,3
923,2.0,2.0,1.0,5.0,2.0,4.0,4.0,3.0,1.0,4.0,5.0,5.0,2.0,3.0,3.0,4
924,3.0,1.0,1.0,1.0,1.0,3.0,2.0,2.0,2.0,1.0,1.0,1.0,1.0,1.0,3.0,1
926,3.0,2.0,2.0,2.0,2.0,2.0,4.0,1.0,2.0,2.0,2.0,5.0,2.0,1.0,2.0,1
927,5.0,1.0,1.0,1.0,1.0,5.0,3.0,4.0,4.0,1.0,2.0,3.0,1.0,3.0,3.0,3
928,4.0,2.0,2.0,5.0,3.0,4.0,3.0,4.0,4.0,2.0,4.0,3.0,4.0,3.0,1.0,0
929,3.0,5.0,1.0,4.0,2.0,4.0,2.0,2.0,5.0,2.0,3.0,5.0,3.0,3.0,3.0,4
930,3.0,2.0,1.0,2.0,3.0,3.0,2.0,5.0,3.0,1.0,1.0,1.0,3.0,3.0,2.0,5
931,4.0,2.0,2.0,1.0,3.0,4.0,3.0,2.0,3.0,2.0,3.0,1.0,2.0,2.0,3.0,3
932,4.0,2.0,2.0,1.0,3.0,5.0,3.0,4.0,3.0,2.0,2.0,1.0,3.0,4.0,5.0,3
933,2.0,2.0,3.0,5.0,4.0,3.0,4.0,1.0,4.0,5.0,5.0,4.0,3.0,1.0,4.0,2
934,3.0,2.0,2.0,2.0,3.0,3.0,4.0,2.0,2.0,2.0,2.0,3.0,3.0,4.0,2.0,3
935,3.0,1.0,1.0,1.0,2.0,5.0,2.0,2.0,1.0,1.0,1.0,1.0,3.0,1.0,3.0,5
936,2.0,3.0,2.0,3.0,1.0,4.0,3.0,2.0,3.0,4.0,3.0,2.0,3.0,3.0,2.0,3
937,4.0,1.0,1.0,5.0,4.0,5.0,5.0,4.0,5.0,5.0,5.0,5.0,5.0,2.0,4.0,4
938,2.0,5.0,1.0,5.0,1.0,4.0,5.0,4.0,1.0,3.0,5.0,5.0,1.0,5.0,2.0,4
939,4.0,1.0,4.0,5.0,3.0,4.0,4.0,1.0,2.0,3.0,4.0,3.0,4.0,4.0,3.0,0
941,3.0,2.0,1.0,2.0,2.0,4.0,4.0,4.0,5.0,4.0,4.0,4.0,3.0,1.0,4.0,0
942,5.0,3.0,2.0,4.0,1.0,4.0,2.0,1.0,3.0,5.0,3.0,3.0,3.0,5.0,2.0,4
944,3.0,3.0,2.0,4.0,3.0,5.0,4.0,2.0,1.0,3.0,3.0,2.0,3.0,2.0,3.0,0
945,5.0,2.0,3.0,3.0,3.0,4.0,4.0,5.0,4.0,2.0,4.0,3.0,4.0,1.0,4.0,0
946,2.0,1.0,2.0,4.0,3.0,3.0,5.0,2.0,1.0,4.0,5.0,4.0,2.0,2.0,3.0,4
947,3.0,1.0,1.0,2.0,1.0,3.0,3.0,4.0,3.0,2.0,1.0,2.0,1.0,1.0,3.0,5
948,4.0,3.0,2.0,3.0,4.0,4.0,3.0,2.0,3.0,2.0,3.0,2.0,4.0,2.0,3.0,0
949,3.0,2.0,3.0,1.0,2.0,3.0,4.0,2.0,3.0,3.0,3.0,2.0,3.0,2.0,1.0,0
951,4.0,1.0,1.0,1.0,1.0,4.0,3.0,4.0,5.0,3.0,5.0,4.0,1.0,5.0,5.0,3
952,3.0,3.0,3.0,4.0,3.0,4.0,5.0,1.0,3.0,3.0,3.0,4.0,4.0,4.0,1.0,0
953,3.0,1.0,3.0,3.0,3.0,5.0,4.0,4.0,4.0,4.0,4.0,3.0,5.0,1.0,4.0,0
954,5.0,3.0,2.0,2.0,3.0,3.0,3.0,4.0,4.0,3.0,3.0,2.0,5.0,4.0,4.0,0
955,2.0,1.0,2.0,1.0,1.0,2.0,5.0,1.0,3.0,1.0,3.0,1.0,3.0,1.0,3.0,1
956,3.0,1.0,4.0,3.0,4.0,4.0,4.0,3.0,3.0,4.0,4.0,1.0,1.0,1.0,3.0,4
957,2.0,1.0,1.0,1.0,2.0,2.0,2.0,5.0,1.0,2.0,1.0,1.0,2.0,2.0,3.0,3
958,5.0,3.0,1.0,3.0,3.0,4.0,1.0,3.0,2.0,2.0,2.0,3.0,2.0,4.0,3.0,3
959,3.0,2.0,3.0,4.0,4.0,4.0,3.0,2.0,5.0,4.0,5.0,4.0,3.0,1.0,2.0,2
960,4.0,4.0,1.0,5.0,1.0,3.0,5.0,3.0,3.0,5.0,2.0,5.0,1.0,1.0,2.0,2
961,4.0,4.0,1.0,3.0,4.0,5.0,3.0,5.0,4.0,3.0,2.0,3.0,4.0,4.0,2.0,0
962,3.0,4.0,4.0,5.0,3.0,2.0,1.0,1.0,1.0,4.0,1.0,1.0,3.0,1.0,2.0,1
963,4.0,3.0,3.0,5.0,1.0,5.0,4.0,3.0,1.0,4.0,1.0,1.0,2.0,4.0,5.0,0
964,3.0,2.0,3.0,3.0,3.0,3.0,5.0,3.0,4.0,3.0,4.0,5.0,3.0,2.0,3.0,2
965,5.0,3.0,3.0,3.0,5.0,5.0,5.0,1.0,3.0,2.0,5.0,2.0,5.0,4.0,1.0,0
966,1.0,1.0,1.0,5.0,5.0,1.0,1.0,1.0,3.0,4.0,1.0,5.0,5.0,1.0,5.0,4
967,2.0,2.0,2.0,3.0,2.0,2.0,5.0,1.0,4.0,4.0,4.0,2.0,3.0,2.0,2.0,0
968,3.0,2.0,2.0,3.0,3.0,4.0,3.0,5.0,3.0,3.0,3.0,2.0,2.0,3.0,4.0,3
969,2.0,1.0,2.0,3.0,2.0,4.0,5.0,2.0,2.0,3.0,4.0,3.0,2.0,1.0,4.0,1
970,5.0,1.0,4.0,5.0,5.0,3.0,4.0,4.0,2.0,5.0,4.0,4.0,2.0,1.0,5.0,4
971,2.0,4.0,3.0,4.0,2.0,2.0,5.0,1.0,4.0,3.0,4.0,3.0,2.0,3.0,4.0,4
972,3.0,3.0,3.0,3.0,4.0,3.0,5.0,1.0,3.0,3.0,5.0,5.0,3.0,2.0,2.0,2
973,2.0,5.0,5.0,4.0,5.0,2.0,5.0,1.0,4.0,5.0,2.0,3.0,1.0,1.0,2.0,1
974,1.0,2.0,2.0,2.0,2.0,2.0,5.0,1.0,5.0,3.0,4.0,4.0,2.0,2.0,4.0,2
975,5.0,5.0,5.0,5.0,5.0,5.0,5.0,5.0,5.0,5.0,5.0,5.0,5.0,5.0,5.0,4
976,4.0,2.0,3.0,3.0,5.0,5.0,5.0,3.0,4.0,4.0,4.0,2.0,5.0,2.0,3.0,0
977,4.0,2.0,2.0,1.0,1.0,4.0,4.0,4.0,2.0,1.0,2.0,3.0,2.0,4.0,4.0,3
978,2.0,1.0,2.0,2.0,1.0,4.0,5.0,2.0,3.0,5.0,5.0,3.0,3.0,1.0,2.0,0
979,4.0,2.0,2.0,4.0,4.0,5.0,5.0,3.0,2.0,4.0,4.0,1.0,4.0,2.0,3.0,0
980,2.0,2.0,2.0,5.0,1.0,4.0,4.0,1.0,3.0,5.0,4.0,1.0,4.0,1.0,4.0,0
981,1.0,2.0,4.0,5.0,5.0,3.0,4.0,1.0,2.0,3.0,4.0,5.0,2.0,1.0,3.0,2
982,2.0,1.0,1.0,3.0,2.0,2.0,4.0,2.0,4.0,3.0,4.0,5.0,1.0,1.0,4.0,2
983,3.0,1.0,1.0,3.0,3.0,5.0,3.0,4.0,4.0,2.0,3.0,3.0,4.0,2.0,4.0,0
984,1.0,3.0,2.0,3.0,3.0,3.0,4.0,1.0,2.0,1.0,4.0,3.0,3.0,1.0,3.0,1
985,1.0,3.0,2.0,4.0,2.0,4.0,5.0,1.0,4.0,2.0,3.0,5.0,2.0,1.0,4.0,2
986,2.0,5.0,3.0,5.0,2.0,2.0,4.0,3.0,3.0,4.0,4.0,4.0,2.0,4.0,3.0,4
989,3.0,2.0,2.0,4.0,5.0,5.0,5.0,5.0,2.0,3.0,3.0,3.0,5.0,5.0,3.0,0
990,2.0,1.0,1.0,2.0,2.0,3.0,4.0,1.0,1.0,2.0,3.0,1.0,2.0,1.0,4.0,1
991,2.0,1.0,1.0,1.0,1.0,1.0,5.0,5.0,2.0,1.0,4.0,2.0,1.0,2.0,1.0,5
992,4.0,1.0,4.0,4.0,1.0,3.0,4.0,2.0,3.0,2.0,1.0,1.0,2.0,5.0,5.0,0
993,3.0,1.0,2.0,3.0,1.0,4.0,4.0,4.0,1.0,1.0,1.0,4.0,1.0,2.0,2.0,5
994,3.0,2.0,2.0,3.0,4.0,3.0,5.0,2.0,4.0,3.0,5.0,3.0,1.0,1.0,3.0,2
995,2.0,1.0,1.0,1.0,2.0,1.0,4.0,3.0,2.0,1.0,1.0,2.0,2.0,5.0,3.0,3
996,1.0,1.0,1.0,3.0,2.0,1.0,4.0,4.0,4.0,2.0,3.0,3.0,1.0,1.0,2.0,3
997,3.0,3.0,3.0,1.0,3.0,3.0,4.0,2.0,4.0,1.0,1.0,2.0,4.0,1.0,5.0,0
998,4.0,3.0,1.0,3.0,2.0,3.0,5.0,3.0,2.0,1.0,5.0,3.0,3.0,5.0,4.0,3
1000,3.0,3.0,2.0,3.0,3.0,4.0,3.0,5.0,3.0,2.0,3.0,3.0,3.0,3.0,3.0,0
1001,5.0,1.0,2.0,1.0,4.0,4.0,3.0,4.0,3.0,1.0,4.0,1.0,2.0,3.0,3.0,5
1002,3.0,1.0,3.0,1.0,1.0,2.0,5.0,1.0,4.0,2.0,2.0,4.0,1.0,3.0,4.0,3
1003,4.0,3.0,2.0,2.0,3.0,4.0,5.0,2.0,4.0,4.0,4.0,2.0,4.0,4.0,3.0,0
1004,4.0,1.0,2.0,3.0,2.0,3.0,3.0,5.0,4.0,2.0,3.0,2.0,2.0,5.0,4.0,3
1005,5.0,2.0,2.0,5.0,4.0,4.0,4.0,4.0,1.0,5.0,4.0,4.0,3.0,3.0,3.0,4
1006,5.0,1.0,3.0,4.0,1.0,4.0,1.0,1.0,1.0,2.0,3.0,1.0,3.0,4.0,1.0,0
1007,1.0,1.0,2.0,2.0,2.0,3.0,4.0,3.0,3.0,2.0,2.0,5.0,1.0,1.0,2.0,3
1008,3.0,3.0,1.0,3.0,1.0,3.0,4.0,2.0,2.0,3.0,2.0,5.0,2.0,2.0,5.0,2
1009,4.0,3.0,2.0,3.0,3.0,4.0,1.0,3.0,1.0,1.0,3.0,2.0,2.0,3.0,3.0,3
